"","category","mean"
"1","melon-jams",4
"2","canned-raviolis",2
"3","mineral-waters",1
"4","almond-based-creams-for-cooking",2
"5","sandwiches",3
"6","ginger-powder",3
"7","raw-fishes",2
"8","grapefruit-nectars",5
"9","organic-beers",NA
"10","french-emmentaler",4
"11","batches-withdrawn-from-retail-stores",2
"12","cheddar-slices",4
"13","tabbouleh-with-fresh-vegetables",3
"14","olives",4
"15","gnocchi-of-durum-wheat-semolina",3
"16","canned-artichokes",1
"17","meal-kits",3
"18","dulse-seaweed-powders",NA
"19","biscuits-for-babies",NA
"20","refined-olive-oils",4
"21","radishes",1
"22","cream-pies",4
"23","almond-cookies",4
"24","spirals-of-durum-wheat",NA
"25","grapes",1
"26","raspberry-tartlets",4
"27","lancashire-cheese",NA
"28","meal-replacements",3
"29","red-kidney-beans",1
"30","shelled-brazil-nuts",4
"31","vanilla-powder",3
"32","chicken-breasts",3
"33","tepary-beans",NA
"34","nut-flours",3
"35","non-sugared-flavored-waters",NA
"36","avocado-and-salmon-sushis",NA
"37","from-5-months",NA
"38","roasted-chicken-and-thyme-crisps",3
"39","dried-prunes",2
"40","frozen-flat-green-beans",1
"41","munsters",4
"42","frozen-strawberries",1
"43","terrines-from-brittany",4
"44","pumpkin-pies",NA
"45","frozen-chopped-carrots",1
"46","dark-chocolates-with-almonds",5
"47","refined-deodorized-sunflower-oils",NA
"48","buckwheat-flours",1
"49","poultries",3
"50","multifruit-juice-and-soy-drinks",5
"51","goat-milks",2
"52","bergamot-flavored-black-teas",NA
"53","powdered-spelt-milks",NA
"54","gold-flax-seeds",1
"55","canned-spinachs",1
"56","bass",4
"57","berries-soy-yogurts",2
"58","surimi-sandwiches",3
"59","amaranth-flakes",2
"60","passion-fruit-jellies",4
"61","quark-with-45%-fat-in-dry-mass",NA
"62","flans",3
"63","food-additives",3
"64","tagliatelle-with-carbonara",3
"65","vanilla-extract",2
"66","pitayas",NA
"67","fresh-dill",NA
"68","ground-dried-bouquet-garni",NA
"69","canned-whole-champignon-mushrooms",2
"70","fresh-parsley",1
"71","pork-tongue",4
"72","doogh-and-ayran",3
"73","coffee-desserts",3
"74","cocoa-and-chocolate-powders",4
"75","sea-spaghetti-seaweed-powders",NA
"76","durum-wheat-semolinas-for-couscous",1
"77","tabbouleh-with-tomatoes",2
"78","potato-gnocchi",3
"79","six-cheese-pizza",NA
"80","white-spelt-flours",NA
"81","frozen-meats",3
"82","lemon-syrups",5
"83","coconut-pies",4
"84","vanilla-ice-cream-tubs",4
"85","macadamia-nut-butters",4
"86","semolina-desserts",3
"87","apples",1
"88","polish-vodkas",NA
"89","morteau-sausages",5
"90","smoked-fishes",4
"91","coffee-beans",NA
"92","amaranth-milks",NA
"93","fruit-preserves",3
"94","garden-cress",NA
"95","durum-wheat-plates-for-cannelloni",1
"96","tula-gingerbread",NA
"97","apricot-pies",4
"98","jenever",NA
"99","spelt-flours-type-812",NA
"100","multifruit-pastes",3
"101","banana-muffins",4
"102","chocolates-stuffed-with-praline",5
"103","frozen-basil",1
"104","ground-dried-rosemary",NA
"105","dates",2
"106","crêpes-and-galettes",NA
"107","powdered-wheat-milks",NA
"108","misos",3
"109","plant-based-pâtés",NA
"110","gozo",NA
"111","sheep-cheeses",4
"112","worcestershire-sauces",4
"113","barley-flours",1
"114","duck-sausages",4
"115","ground-dried-oregano",1
"116","cranberry-sauces",NA
"117","diet-cola-soft-drink",2
"118","watermelons",1
"119","dried-horn-of-plenty-mushrooms",1
"120","cochayuyo-seaweeds",NA
"121","côtes-d'auvergne",NA
"122","watermelon-seed-oils",NA
"123","baguettes",2
"124","turnips",2
"125","frozen-desserts",4
"126","soy-flakes",1
"127","turrón",NA
"128","salmorejo",3
"129","microwave-meals",2
"130","chinese-black-truffles",2
"131","white-breads",2
"132","rosemary",NA
"133","black-pudding-with-appel",4
"134","powdered-sesame-milks",NA
"135","raisins",3
"136","farmed-caviars",4
"137","lemon-verbena",NA
"138","olive-oil-from-nice",4
"139","coffee-soy-milks",2
"140","liver-sausages",5
"141","guavas-jellies",4
"142","quinoa-syrups",NA
"143","corn-starch",3
"144","escacena-chickpeas",NA
"145","frozen-pumpkins",1
"146","puffed-grains",3
"147","sliced-bacon",4
"148","trout-terrine",4
"149","frozen-tropical-fruits",1
"150","nut-oils",4
"151","black-peppercorns",2
"152","honeys-from-the-alps",NA
"153","sour-cream-butters",4
"154","cranberry-juice",2
"155","black-pudding-with-onions",4
"156","non-carbonated-natural-mineral-waters",NA
"157","frozen-brussels-sprouts",1
"158","dehydrated-soups",3
"159","canned-cauliflower",1
"160","nutmeg",3
"161","milk-chocolates-with-sweeteners",4
"162","flammekueche",4
"163","pantysgawn",NA
"164","bordeaux",NA
"165","dorset-blue-vinney",NA
"166","bacon-sandwiches",3
"167","canned-fishes",3
"168","whole-marinated-green-olives",4
"169","raspberry-syrups",5
"170","crunchy-almond-turrón",NA
"171","plantain-bananas",NA
"172","tomato-vinegars",NA
"173","sunflower-seeds",3
"174","king-trumpet-mushrooms",1
"175","low-lactose-milk",2
"176","potted-stevia",NA
"177","absinthium",NA
"178","three-quarter-fat-butter",NA
"179","peanut-butters",4
"180","vegetable-bouillon-cubes",3
"181","stuffed-waffles",5
"182","garlic-powder",1
"183","mountain-cheeses",4
"184","canned-legumes",1
"185","bavarian-mustards",4
"186","pennyroyal",NA
"187","simple-syrups",4
"188","parmigiano-reggiano",4
"189","pumpkin-seeds",4
"190","prepared-couscous",2
"191","bouillon-pots",4
"192","spanish-cheeses",4
"193","pickled-herring",4
"194","bars",4
"195","cherries",1
"196","lemon-tarts",4
"197","wines-from-luxembourg",NA
"198","whole-milks",2
"199","blanquettes-of-duck",2
"200","lemon-soft-drinks",4
"201","pork",4
"202","artichokes",2
"203","nonrefined-sunflower-oils",NA
"204","viennoiseries",4
"205","fresh-chives",NA
"206","baby-foods",2
"207","barbadian-rum",NA
"208","semi-preserved-foods",3
"209","powdered-chestnut-milks",NA
"210","dark-chocolates-with-orange",5
"211","torrefacto-coffees",NA
"212","veggie-burger-patties",2
"213","salted-butters",5
"214","vegetable-oils",4
"215","spelt-pastas",1
"216","refrigerated-squeezed-apple-juices",NA
"217","flatbreads",2
"218","mixed-fruit-jams",3
"219","fruit-jams",3
"220","wheat-whiskey",NA
"221","rice-desserts",3
"222","rindless-short-cut-bacon",NA
"223","rillettes",4
"224","non-alcoholic-wheat-beers",4
"225","wines-from-hungary",NA
"226","lump-sugar",4
"227","semi-polished-wheat-flours",1
"228","grilled-peppers",2
"229","wheat-milks",2
"230","raw-pumpkin-seeds",3
"231","beers-from-dortmund",NA
"232","energy-drinks",4
"233","coffee-ice-cream-tubs",4
"234","lemon-grass",2
"235","kamut-pasta",1
"236","rye-flours-type-130",1
"237","fermented-drinks",2
"238","fresh-basil",2
"239","mung-beans",1
"240","wheat-malt-flours",NA
"241","liquid-vegetable-bouillons",3
"242","margarines",4
"243","ground-dried-aromatic-plants",3
"244","frozen-green-peppers",1
"245","roasted-japanese-green-teas",NA
"246","brown-rice-syrups",5
"247","mixtures-of-herbs-and-spices",3
"248","chocolates-with-extra-fine-milk",5
"249","unsmoked-back-bacon",4
"250","pancakes",3
"251","table-salts",3
"252","quinoa-flours",1
"253","bolognese-sauces",3
"254","vinaigrettes",4
"255","tomatoes-and-tomato-products",1
"256","concentrated-peach-juices",NA
"257","powdered-sugars",4
"258","fortified-wines",NA
"259","soft-cheese-with-a-natural-rind",4
"260","salts",3
"261","green-lentils",1
"262","whole-cloves",NA
"263","fresh-green-peppercorns",4
"264","raspberry-applesauces",1
"265","precooked-rices",2
"266","cornmeal",2
"267","tea-seed-oils",NA
"268","shortbread",5
"269","chips-and-fries",3
"270","squeezed-orange-juices",3
"271","sardines",3
"272","miso-soup",2
"273","french-beers",NA
"274","plain-soy-yogurts",1
"275","norman-whisky",NA
"276","soft-cheeses-with-washed-rind",4
"277","vegetable-based-foods-and-beverages",2
"278","canned-lentils",1
"279","pizza-dough",3
"280","anti-reflux-milk",NA
"281","canned-sliced-champignon-mushrooms",2
"282","gummy-bananas",NA
"283","smoked-rindless-back-bacon-rashers",NA
"284","lechoso-chickpeas",1
"285","mackerel-fillets-in-mustard-sauce",3
"286","pre-baked-breads",2
"287","chamomile",3
"288","cashew-nuts",4
"289","preparations-made-from-crabs",3
"290","smoothies",4
"291","salmon-taramasalata",4
"292","cheese-sauces",4
"293","beef-steaks",2
"294","scarlet-runner-beans",1
"295","beef-merguez",5
"296","baby-follow-on-milk-from-3-years",NA
"297","sausages-with-lentils",2
"298","shelled-sunflower-seeds",3
"299","chicken-skewers",3
"300","soy",2
"301","cassava-crisps",4
"302","food-decorations",4
"303","dried-sea-spaghetti-seaweeds",NA
"304","fenugreek-leaves",NA
"305","hackeleback-caviars",NA
"306","drinkable-yogurts",2
"307","sushi-medley",3
"308","coquetdale-cheese",NA
"309","whole-einkorn-wheat-flours",1
"310","mixtures-of-vegetables-for-broth",NA
"311","organic-red-wines",NA
"312","winged-beans",NA
"313","king-cakes",5
"314","smoked-salmons",4
"315","t65-spelt-flours",1
"316","sesame-oils",4
"317","mountain-products",4
"318","concentrated-grapefruit-juices",2
"319","salmon-lasagne",3
"320","iced-teas-with-mango-flavor",4
"321","herbal-liqueur",NA
"322","mushroom-sauces",3
"323","frozen-lasagne",2
"324","non-alcoholic-beverages",4
"325","assorted-chocolates",5
"326","prohormones",NA
"327","spider-crab",NA
"328","surimi",3
"329","duck-confit",4
"330","mutton-broth",NA
"331","canned-carrots",1
"332","quark-with-65%-to-85%-fat-in-dry-mass",NA
"333","chestnut-milks",2
"334","liqueur-chocolates",5
"335","cream-of-champignon-mushroom-soups",3
"336","industrial-cheese",4
"337","whole-almond-purees",2
"338","salmon-quenelles",3
"339","ketchup",4
"340","wapiti-elk-meat",NA
"341","canned-mixed-mushrooms",2
"342","from-6-months",NA
"343","puffed-spelt-cakes",2
"344","fruit-cakes",4
"345","rice-pasta",2
"346","pineapple-syrups",NA
"347","watercress",1
"348","frozen-parsley",1
"349","meals-with-horse-meat",3
"350","mexican-salads",1
"351","black-chocolate-turrón-with-almonds",NA
"352","frozen-whole-champignon-mushrooms",NA
"353","nougat-ice-cream-tubs",4
"354","large-leaved-lime",NA
"355","vegetable-lasagne",2
"356","prune-juice",4
"357","arborio-rices",2
"358","camemberts-from-microfiltered-milk",4
"359","raw-shelled-sunflower-seeds",3
"360","surinam-rices",2
"361","cornish-yarg",NA
"362","blended-scotch-whisky",NA
"363","frozen-corn",1
"364","balsamic-vinegars-of-modena",3
"365","ostrich-eggs",NA
"366","onion-powder",3
"367","bay-laurel",3
"368","aiolis",4
"369","frozen-blackberries",1
"370","salted-pies",4
"371","lamb-meat",3
"372","milks-for-premature-babies",NA
"373","frozen-diced-zucchinis",1
"374","chocolate-dinosaurs",5
"375","cheddar-sandwiches",4
"376","honey-of-biscay",NA
"377","rough-bindweed",NA
"378","canned-legume-sprouts",2
"379","shelled-raw-hazelnuts-with-skin",3
"380","roman-chamomile",NA
"381","teff",NA
"382","rice-starch",NA
"383","meat-menus-for-babies",NA
"384","canola-oils",4
"385","plant-based-pickles",3
"386","blueberry-nectars",5
"387","red-beer",NA
"388","frogs",2
"389","dried-mushrooms",1
"390","products-sold-in-the-1980s",4
"391","lemon-cheesecakes",4
"392","hummus",3
"393","margherita-pizza",3
"394","peach-syrups",5
"395","smoked-sausages",5
"396","prawn-cocktail-crisps",3
"397","light-jams",3
"398","prepared-salads",2
"399","white-truffles",NA
"400","breakfasts",3
"401","creamy-quark",2
"402","wheat-bread-flour",NA
"403","cow-milks",2
"404","watermelon-syrups",NA
"405","traditional-balsamic-vinegars",NA
"406","scallions",1
"407","salted-butter-caramels",5
"408","ham-croissants",4
"409","sugary-snacks",4
"410","cod-brandade",3
"411","legumes-and-their-products",2
"412","mashed-celeriac",1
"413","olive-pomace-oils",NA
"414","chocolate-biscuits",5
"415","teff-flakes",NA
"416","crustaceans",2
"417","pistachio-butters",3
"418","fresh-green-pigeon-peas",NA
"419","christmas-puddings",4
"420","stuffed-wafers",5
"421","vegetarian-hot-dog-sandwiches",NA
"422","canned-sprouts",2
"423","italian-cheeses",4
"424","cranberries",3
"425","béarnaise-sauce",NA
"426","orange-marmalades",4
"427","nougats-from-sault",NA
"428","culinary-plants",2
"429","pollock-fillets",1
"430","flavored-black-teas",NA
"431","vegetarian-frankfurt-sausages",3
"432","ukrainian-vodkas",NA
"433","coriander-leaves",2
"434","tuna-salad",2
"435","mayonnaises",4
"436","fruit-syrups",4
"437","oyster-mushrooms",1
"438","dunlop",NA
"439","frozen-ground-beef-steaks",3
"440","croutons",4
"441","neohesperidin-dc",NA
"442","vegetable-soups",2
"443","old-mimolettes",5
"444","chestnuts",1
"445","applewood-cheese",NA
"446","apricot-coulis",3
"447","flavoured-wines",NA
"448","wheat-breads",2
"449","canned-mushrooms",2
"450","pomegranate-nectars",5
"451","breaded-cod-fish",1
"452","blends-of-honey-and-propolis",4
"453","ceylan-teas",NA
"454","milk-powders",2
"455","cotton-candy",4
"456","brown-rices",1
"457","frozen-pre-cooked-rice",2
"458","bloody-milk-caps",NA
"459","maojian-teas",NA
"460","canned-tunas",2
"461","frozen-green-beans",1
"462","sweet-peppers",1
"463","apple-soft-drinks",4
"464","parboiled-rices",2
"465","almond-butters",3
"466","mojito-syrups",NA
"467","sugar-substitutes",3
"468","frozen-asparagus",1
"469","blanched-roasted-hazelnuts",4
"470","vegetable-bouillon-pots",4
"471","fig-chutneys",3
"472","wheat-beers",NA
"473","head-cheese",4
"474","gherkins",2
"475","strawberry-soy-yogurts",2
"476","sencha-teas",NA
"477","fresh-meals",3
"478","wensleydale-cheese",NA
"479","diet-beverages",2
"480","seaweed-products",2
"481","syrups-with-fruits",5
"482","products-that-cannot-be-found-in-metropolitan-france",2
"483","cooking-helpers",4
"484","refrigerated-meals",3
"485","shelled-pecan-nuts",4
"486","quark-with-20%-fat-in-dry-mass",NA
"487","sucralose",3
"488","canela-beans",NA
"489","egg-free-spanish-omelettes",3
"490","canned-chanterelles",2
"491","croglin",NA
"492","frozen-yellow-peppers",1
"493","coco-white-beans",1
"494","jugging",2
"495","fructose",4
"496","vanilla-milks",2
"497","fresh-tabbouleh",2
"498","blackberry-jams",3
"499","fruit-salads",1
"500","rye-groats",NA
"501","suffolk-gold-cheese",NA
"502","bifidus-yogurts",2
"503","mango-nectars",5
"504","tortellini",3
"505","quail-eggs",2
"506","zucchini-soups",2
"507","alsatian-whiskey",NA
"508","mixed-mushrooms",1
"509","meat-preparations",4
"510","mango-juices",4
"511","vegetable-based-beverages",2
"512","buffalo's-milk-cheese",NA
"513","tomato-pastes",1
"514","green-teas-with-mint",NA
"515","parlick-fell-cheese",NA
"516","fresh-thyme",NA
"517","rosé-wines",NA
"518","rabbit-fresh-meat",NA
"519","hairy-crabgrass",NA
"520","cheddar-and-onion-crisps",3
"521","tamaris",3
"522","chocolate-stuffed-wafers",5
"523","almond-milks",2
"524","tripe",2
"525","hard-liquors",NA
"526","doogh",NA
"527","milk-chocolate-biscuits",5
"528","fuentesaúco-chickpeas",NA
"529","bilberries-jams",3
"530","caviar-substitutes",3
"531","wild-rice-flakes",NA
"532","pitted-olives",4
"533","dry-egg-pastas",1
"534","cereal-butters",4
"535","black-pitted-olives",4
"536","white-rums",NA
"537","spreadable-fats",4
"538","raw-unshelled-sunflower-seeds",3
"539","puffed-multigrain-cakes",1
"540","mirabelle-plum-jams",3
"541","nutmeg-tree-products",3
"542","pollocks",1
"543","steaks",2
"544","black-beans",2
"545","stuffed-olives",4
"546","brown-flax-seeds",2
"547","cassoulets-from-toulouse",1
"548","sweet-mousses",4
"549","egg-tagliatelle",1
"550","ground-cumin-seeds",4
"551","bowland-cheese",NA
"552","cow-cheeses",4
"553","small-spelt-flour-t45",NA
"554","lemon-flavored-black-teas",NA
"555","olive-sauces",3
"556","false-irish-moss-seaweeds",NA
"557","barley-malt-flours",NA
"558","maki",3
"559","instant-pasta",2
"560","fresh-legume-sprouts",1
"561","agar-agar",2
"562","special-breads",2
"563","hibiscus",5
"564","chicken-sandwiches",2
"565","apricot-juices",4
"566","yellow-gouda",4
"567","provençale-mustards",NA
"568","puffed-barley",NA
"569","hamburgers",4
"570","canned-foods",2
"571","muskmelons",1
"572","bread-crumbs",3
"573","cucumbers",2
"574","munsters-with-raw-milk",4
"575","common-vervain",NA
"576","iced-teas",4
"577","string-cheeses",NA
"578","meals-with-chicken",2
"579","frozen-ground-beef-preparations",4
"580","teff-flours",NA
"581","tunas",2
"582","pear-juices",3
"583","ham-pizzas",3
"584","sweet-potatoes",2
"585","cream-soups",2
"586","iridescent-shark-fillets",1
"587","strawberry-and-blueberry-compotes",NA
"588","semi-ripe-whole-olives",4
"589","jasmine-rice",1
"590","extra-fine-black-chocolates",5
"591","whisky-from-lorraine",NA
"592","milk-chocolate-with-hazelnuts",5
"593","honey-mustards",4
"594","ground-dried-green-peppers",NA
"595","spreads",4
"596","butter-beans",1
"597","beef-samosas",4
"598","dairies",3
"599","guavas",3
"600","cherry-beers",NA
"601","fine-fettle-yorkshire",NA
"602","powdered-saffron",3
"603","rices-for-paella",1
"604","samosas",3
"605","beers-from-ireland",NA
"606","salmon-risottos",2
"607","blueberry-tartlets",NA
"608","open-pies",4
"609","frozen-mixed-mushrooms",1
"610","arame-seaweeds",NA
"611","chinese-green-teas",NA
"612","carbonated-natural-mineral-waters",1
"613","honey-based-preparations",4
"614","frozen-whole-green-asparagus",1
"615","haitian-rums",NA
"616","waters",2
"617","nougats",4
"618","virgin-olive-oils",4
"619","cream-of-vegetable-soups",2
"620","deer-red-fresh-meat",NA
"621","roasted-unshelled-sunflower-seeds",4
"622","wakame-seaweed-powders",NA
"623","sesame",3
"624","peach-nectars",5
"625","croissant-filled-with-jam",NA
"626","fruit-yogurts",3
"627","frozen-vegetable-soups",2
"628","madeira-wine",NA
"629","mantecados-and-polvorones",4
"630","ossetra-caviar",NA
"631","wheats",1
"632","ground-dried-vegetables",2
"633","preparations-made-from-fish",3
"634","dried-products",2
"635","elderberry-products",NA
"636","cream-of-mushroom-soups",3
"637","canned-beet",1
"638","whole-wheat-flours",1
"639","plant-based-ice-creams",4
"640","plain-mackerels-fillets",3
"641","mackerels-fillets-with-tomato-and-basilisk",3
"642","ham-ravioli",3
"643","boiled-eggs",2
"644","inverted-sugar-syrups",NA
"645","shelled-chestnuts",2
"646","longtail-tuna",NA
"647","cucumber-sushis",NA
"648","butter-fat",4
"649","fruit-chutneys",3
"650","ground-dried-mint",NA
"651","frozen-whole-green-beans",1
"652","fennel-seeds",3
"653","green-pitted-olives",4
"654","devil's-claw",NA
"655","marzipan-of-soto",4
"656","grape-nectars",5
"657","snails-from-burgundy",3
"658","puffed-corn-cakes-with-black-chocolate",4
"659","azuki-beans",1
"660","light-maple-syrups",NA
"661","crystallized-ginger",4
"662","stirred-yogurts",3
"663","sevruga-caviar",NA
"664","candied-fruit",3
"665","frozen-mixed-fruits",1
"666","fresh-broad-beans",1
"667","dairy-chocolate-desserts",3
"668","fruit-juices-and-nectars",3
"669","frozen-redcurrants",NA
"670","cookies-with-chocolate-and-nougat",5
"671","fennel-leaves",NA
"672","pumpkin-tomatoes",NA
"673","sweeteners",4
"674","rice-beans",NA
"675","yellow-bell-peppers",1
"676","époisses-de-bourgogne",NA
"677","food-colorings",3
"678","beef-skewers",2
"679","sunflower-oil-mayonnaises",5
"680","puffed-wheat-cakes",3
"681","traditional-balsamic-vinegar-of-modena",NA
"682","wild-asparagus",NA
"683","pastas",2
"684","chocolates-stuffed-with-almond-paste",5
"685","dried-pineapple",3
"686","frozen-chopped-chards",1
"687","mueslis-with-fruits",2
"688","cauliflower-gratins",3
"689","dried-cochayuyo-seaweeds",NA
"690","caesar-salads",2
"691","estonian-vodkas",NA
"692","products-sold-before-year-2000",4
"693","goudas-with-cumin",4
"694","canned-king-trumpet-mushrooms",NA
"695","unpasteurised-cheeses",4
"696","red-lentils",1
"697","rollmops",4
"698","greengage-plum-jams",4
"699","mojo-sauces",5
"700","cheesecakes",4
"701","canned-tomatoes",1
"702","pickled-carrots",3
"703","dairy-mousses",3
"704","strawberry-pies",3
"705","mountain-waters",2
"706","goat-cheese-and-bacon-pizzas",4
"707","fresh-milks",2
"708","shelled-macadamia-nuts",4
"709","pineapple-juices",3
"710","avocados",1
"711","white-wheat-flours",1
"712","pumpkin-soups",3
"713","lemon-jellies",4
"714","tomatoes",1
"715","corn-pasta",2
"716","frozen-horchatas-de-chufa",3
"717","fortified-wines-such-as-natural-sweet-wines",NA
"718","pumpkins-and-their-products",2
"719","shelled-pistachios",3
"720","beers-from-united-kingdom",NA
"721","pork-nems",3
"722","freeze-dried-foods",3
"723","puffed-rice-cakes-with-milk-chocolate",4
"724","bamboo-shoots",2
"725","chinese-egg-noodles",2
"726","lemon-yogurts",3
"727","poultry-meals",2
"728","puffed-rice-cakes",3
"729","vialone-nano-rices",NA
"730","vegetable-rods",1
"731","apricot-nectars",5
"732","ice-creams",4
"733","dried-bilberries",2
"734","smetana-with-15.0-%-to-34.0-%-fat",NA
"735","brown-sauces",3
"736","vegetarian-lasagne",2
"737","green-asparagus",1
"738","filled-crêpes-with-jam",NA
"739","charentais-melons",1
"740","shiitake-mushrooms",NA
"741","from-3-years",NA
"742","cereal-bars",4
"743","sodas",4
"744","jelly-beans",4
"745","corsican-whiskey",NA
"746","californian-maki",NA
"747","blueberry-syrups",5
"748","madère-sauces",NA
"749","ginkgo",NA
"750","beef-dishes",2
"751","herbal-teas",3
"752","long-grain-rices",1
"753","dried-ulva-lactuca-seaweeds",NA
"754","pink-peppers",NA
"755","quark-with-50%-fat-in-dry-mass",NA
"756","czech-vodkas",NA
"757","vegetables-in-a-box",1
"758","grated-horseradish",3
"759","beverages-with-orange",4
"760","duddleswell-cheese",NA
"761","lupin-bean-flours",1
"762","chestnut-flours-t110",NA
"763","rice-salads",2
"764","olive-oil-from-aix-en-provence",4
"765","crisps-of-red-potatoes",5
"766","white-almond-purees",3
"767","slovenian-cheeses",NA
"768","dill",1
"769","condiments",3
"770","cake-mixes",4
"771","alcohol-vinegars",2
"772","smoked-mackerels",4
"773","whole-fenugreek-seeds",NA
"774","chamois-fresh-meat",NA
"775","buckwheat-groats",1
"776","decaffeinated-coffees",NA
"777","cheesecake-with-red-berries",4
"778","horn-of-plenty-mushrooms",2
"779","apple-cereal-bars",3
"780","frozen-baby-artichokes",1
"781","kvass",5
"782","rums",NA
"783","christmas-chocolates",5
"784","powdered-plant-milks",3
"785","pork-belly",5
"786","toothpaste",NA
"787","baeri-caviars",4
"788","bigeye-tunas",NA
"789","white-beans",1
"790","walnuts",3
"791","derby-cheese",NA
"792","cherry-clafoutis",3
"793","macadamia-nut-milks",2
"794","millet-flours",1
"795","dried-porcini-mushrooms",1
"796","chives",1
"797","mangoes-in-syrup",1
"798","salty-snacks",4
"799","sugar-free-flavoured-syrups",NA
"800","avocado-oils",4
"801","rye-flakes",1
"802","pears",1
"803","double-beer",NA
"804","fresh-fruit-salad",NA
"805","toasted-bread-rolls",2
"806","white-einkorn-wheat-flours",NA
"807","white-peppers",2
"808","turkey-breasts",3
"809","dried-arame-seaweed",NA
"810","brazilian-verbena",NA
"811","frozen-baby-carrots",1
"812","green-stuffed-olives",4
"813","diet-sodas",2
"814","raw-unshelled-pumpkin-seeds",4
"815","refrigerated-squeezed-tangerine-juices",3
"816","rice-bran-oils",4
"817","kiwi-syrups",NA
"818","concentrated-tangerine-juices",NA
"819","chestnut-yogurts",3
"820","rosehip-jam",4
"821","gizzards",3
"822","dried-kombu-seaweeds",3
"823","papadum",4
"824","dairy-desserts",3
"825","carbonated-drinks",4
"826","parsley",1
"827","canned-red-peppers",1
"828","raspberry-pies",4
"829","potted-plants",2
"830","sardines-in-olive-oil",3
"831","fish-gratin",2
"832","smetana",4
"833","chanterelles",1
"834","smoked-salmons-from-farming",4
"835","glutinous-rices",NA
"836","ground-beef-preparations",4
"837","canned-fruits",1
"838","apple-turnovers",4
"839","fukuju-teas",NA
"840","atlantic-bluefin-tunas",1
"841","chinese-nougats",4
"842","chocolate-ice-cream-bars",5
"843","breaded-products",2
"844","durum-wheat-flours",1
"845","frozen-raspberries",1
"846","kouign-amann",5
"847","fruit-and-milk-juices",2
"848","buckwheat-whisky",NA
"849","unleavened-breads",1
"850","canned-brussels-sprouts",1
"851","concentrated-mango-juices",NA
"852","cheeses-with-walnuts",4
"853","strawberries",1
"854","chocolate-cereals",3
"855","spelt-flours-type-630",1
"856","cashew-butters",4
"857","chicken-quenelles",3
"858","maconnais-wines",NA
"859","buttermilks",2
"860","ketchup-crisps",3
"861","grape-seed-oils",4
"862","beware-multiple-products",NA
"863","ginger-beer",5
"864","red-wines",NA
"865","quinoa-crisps",4
"866","blueberry-soy-yogurts",2
"867","canned-soups",2
"868","lentils",1
"869","ashdown-foresters",NA
"870","fonio",NA
"871","mixed-drinks",NA
"872","white-hams",3
"873","foies-gras",5
"874","wheat-starch",NA
"875","pretzel",4
"876","rice-based-creams-for-cooking",3
"877","lactitol",NA
"878","sparkling-wines",NA
"879","light-iced-teas",3
"880","panela-blocks",NA
"881","pork-liver-sausages",5
"882","products-with-reduced-salt",3
"883","white-ports",NA
"884","austrian-pálinka",NA
"885","tuna-pizzas",3
"886","calamari",2
"887","lollipops",4
"888","pickled-capers",3
"889","prepared-dishes-with-scallops",3
"890","green-garlic",NA
"891","tennessee-whiskey",NA
"892","regina-pizza",3
"893","dried-jew's-ear-mushrooms",NA
"894","pecan-pies",5
"895","milk-substitute",2
"896","beacon-fell-traditional-lancashire-cheese",NA
"897","rabbit-dishes",2
"898","flavoured-milks",2
"899","passion-fruits",NA
"900","special-series",NA
"901","pickled-peppers",2
"902","meats",4
"903","ulva-lactuca-seaweeds",4
"904","khorasan-wheats",1
"905","tuna-fillets",2
"906","urad-flour",NA
"907","chocolate-tartlets",5
"908","white-jasmine-rices",2
"909","old-goudas",5
"910","fried-plant-based-foods",4
"911","frozen-pomegranates",1
"912","potted-chives",NA
"913","burgundy-truffles",NA
"914","fresh-lentil-sprouts",NA
"915","gelified-candies",4
"916","dried-bay-laurel",NA
"917","durum-wheat-spaghetti",1
"918","fresh-vegetable-mixes",1
"919","frozen-mushrooms",1
"920","coffee-vanilla-ice-cream-cones",4
"921","mashed-broccoli",1
"922","canned-mung-bean-sprouts",2
"923","spring-waters",1
"924","sushki",NA
"925","beers-from-czech-republic",NA
"926","ostrich",2
"927","triple-beer",NA
"928","puffed-rice",3
"929","pimented-sauces",4
"930","cider-vinegars",2
"931","sunflower-oils",4
"932","ginger",3
"933","german-mustards",4
"934","pet-food",4
"935","light-fruit-sodas",3
"936","oatmeal-cookies",5
"937","fresh-legumes",1
"938","growth-milks",NA
"939","dried-bouquet-garni",NA
"940","pot-noodles",2
"941","pitted-marinated-green-olives",4
"942","honeys-from-the-mediterranean-sea",NA
"943","italian-beers",NA
"944","aubergines",1
"945","pan-de-cádiz",NA
"946","cherry-jams",3
"947","canned-cabbage",NA
"948","filled-crêpes-with-chocolate",NA
"949","canned-cheeses",4
"950","beef-from-maine",NA
"951","cheeses-from-northern-ireland",NA
"952","white-smoked-hams",4
"953","egg-yolk-pastries",NA
"954","vanilla-soy-desserts",2
"955","wheat-flour-t65",1
"956","canned-shiitake-mushrooms",3
"957","chestnut-honey",4
"958","pastries",4
"959","white-wine-vinegars",NA
"960","frozen-red-peppers",1
"961","marzipan",4
"962","wheat-germ",1
"963","white-common-wheat-flours",1
"964","banana-soy-yogurts",2
"965","textured-vegetable-protein",1
"966","chicken-cutlets",2
"967","taramasalata",4
"968","white-gouda",NA
"969","violet-mustards",4
"970","products-sold-in-the-1950s",NA
"971","goat-cheese-sandwiches",3
"972","shepherd's-pie",NA
"973","vegetarian-vienna-sausages",4
"974","barley-pasta",1
"975","plant-based-ice-cream-sandwiches",4
"976","fresh-ground-beef-preparations",3
"977","brussels-sprouts",1
"978","cola-syrups",NA
"979","sugar-free-chewing-gum",2
"980","mandarin-oranges",1
"981","squash-caviar",NA
"982","from-12-months-old",NA
"983","japanese-whiskey",NA
"984","black-cardamom",NA
"985","frozen-artichokes",1
"986","caramelized-almonds",4
"987","burritos",3
"988","green-bell-peppers",1
"989","palm-oils",4
"990","chocolate-coated-waffles",5
"991","saffron",2
"992","tabletop-sweeteners",3
"993","fenugreek-seeds",3
"994","cinnamon",2
"995","halva",4
"996","pork-ribs",3
"997","turkey-sandwiches",3
"998","peppers",2
"999","milk-chocolates",5
"1000","lavender-honey",4
"1001","scotch-whisky",NA
"1002","skimmed-milks",2
"1003","ground-coffees",NA
"1004","digitaria-cruciata",NA
"1005","puff-pastry-sheets",4
"1006","sugar-coated-pinenuts",4
"1007","pig-heart",NA
"1008","dulse-seaweeds",3
"1009","carbonated-mineral-waters",1
"1010","dried-coconut-chips",2
"1011","butters",5
"1012","fishes",3
"1013","salt-and-pepper-crisps",4
"1014","ham-and-butter-sandwiches",4
"1015","quiches-with-bacon",4
"1016","shea-butter",NA
"1017","millet-milks",2
"1018","dried-nori-seaweed-flakes",2
"1019","powdered-hazelnut-milks",NA
"1020","sandwiches-filled-with-cold-cuts",4
"1021","codliver-fats",NA
"1022","mixed-puffed-cereals",3
"1023","honey-yogurts",3
"1024","soured-milk-quark",NA
"1025","breton-whiskey",NA
"1026","deer-fallow-fresh-meat",NA
"1027","shelled-walnuts",3
"1028","dried-shiitake-mushrooms",2
"1029","dried-nori-seaweeds",2
"1030","chili-con-carne",1
"1031","creamy-almond-turrón",NA
"1032","peanuts-turrón",NA
"1033","buckwheat-flakes",1
"1034","wasabi-pastes",4
"1035","caramel-cheesecakes",5
"1036","lardons",5
"1037","cauliflowers",1
"1038","spelt-syrups",NA
"1039","pastry-helpers",4
"1040","frozen-chopped-flat-green-beans",1
"1041","semi-polished-common-wheat-flours",NA
"1042","vegetables-based-foods",1
"1043","olive-oils-from-greece",4
"1044","cayenne-powder",NA
"1045","mixed-vegetable-oils",3
"1046","ground-dried-basil",NA
"1047","red-leicester",NA
"1048","ground-dried-stevia",NA
"1049","veal-risottos",3
"1050","acesulfame-potassium",NA
"1051","white-kidney-beans",NA
"1052","sheep-milk-yogurts",2
"1053","tortelloni",3
"1054","canned-potatoes",1
"1055","seedless-grapes",NA
"1056","peach-pastes",3
"1057","tartlets",5
"1058","red-banana",NA
"1059","swaledale-cheese",NA
"1060","durum-wheat-pasta",1
"1061","agave-syrups",4
"1062","russian-champagne",NA
"1063","ratites-fresh-meat",NA
"1064","flakes",2
"1065","frozen-green-garlic",1
"1066","pryaniki",4
"1067","bolognese-crisps",4
"1068","fresh-ground-beef-steaks",2
"1069","braised-hams",3
"1070","canned-hearts-of-palm",2
"1071","soybean-oils",4
"1072","maple-syrup-tarts",NA
"1073","fruit-based-beverages",4
"1074","frozen-vegetables-for-paella",1
"1075","milk-jams",4
"1076","umeboshi-vinegars",NA
"1077","liquid-caramel",4
"1078","kentish-ale",NA
"1079","clafoutis",3
"1080","assorted-chocolate-candies",5
"1081","frozen-chopped-green-asparagus",1
"1082","cheeseburger",4
"1083","goat-milk-yogurts",2
"1084","squeezed-juices",3
"1085","durum-wheats",1
"1086","legume-butters",4
"1087","fish-and-meat-and-eggs",5
"1088","canned-corn",1
"1089","unrefined-rock-salt",NA
"1090","branco-melons",NA
"1091","figs-yogurts",3
"1092","extra-old-mimolettes",5
"1093","lemon-flavored-iced-teas",4
"1094","iced-teas-preparations",NA
"1095","bonbons",5
"1096","mountain-milks",2
"1097","bœufs-bourguignons",NA
"1098","canned-fruits-in-juice",1
"1099","plant-based-mixed-pickles",2
"1100","frozen-spinach-leaves",1
"1101","cassoulets-with-duck-confit",2
"1102","peanut-bars",4
"1103","oranges",1
"1104","dry-dog-food",NA
"1105","pasta-salads",2
"1106","fresh-ground-steaks",2
"1107","amber-rum",NA
"1108","fresh-bouquet-garni",NA
"1109","wheat-semolinas",1
"1110","pheasant-eggs",NA
"1111","quartered-champignon-mushrooms",1
"1112","refrigerated-falafel",2
"1113","non-sugared-beverages",3
"1114","cat-food",NA
"1115","rabbit-terrines",4
"1116","salted-popcorn",4
"1117","ground-dried-thyme",NA
"1118","proso-millet",1
"1119","whole-tunas",2
"1120","breads-with-raisins",4
"1121","acacia-honeys-from-alsace",NA
"1122","beef-bacon",4
"1123","thyme-tea-bags",2
"1124","camembert-with-calvados",4
"1125","strawberry-juice",4
"1126","tangerines",NA
"1127","pineapple-jams",3
"1128","goose-eggs",NA
"1129","fruit-soy-yogurts",2
"1130","strasbourg-sausages",5
"1131","baba-ghanoush",3
"1132","mashed-carrots",2
"1133","almond-meal",3
"1134","zebra",1
"1135","rye-pasta",NA
"1136","flavoured-syrups",5
"1137","vegetable-cakes",2
"1138","cuban-rums",NA
"1139","canned-celery",1
"1140","gloucester-cheese",NA
"1141","waffles",5
"1142","sea-lettuce-seaweed-powders",NA
"1143","mashed-spinachs",2
"1144","biscuits",5
"1145","frozen-cardoons",1
"1146","garden-chervil-leaves",NA
"1147","jumbo-shrimps",1
"1148","golden-delicious-apples",1
"1149","vanilla",3
"1150","paddy-straw-mushrooms",NA
"1151","pálinka",NA
"1152","canned-truffles",2
"1153","green-cracked-olives",3
"1154","chouquettes",4
"1155","stilton-cheese",4
"1156","instant-chicory",4
"1157","biscuits-and-cakes",4
"1158","bouquet-garni",4
"1159","vienna-bread",3
"1160","roasted-green-teas",NA
"1161","ayran",3
"1162","dehydrated-beverages",3
"1163","mueslis-with-chocolate",3
"1164","bonchester",NA
"1165","shallots",1
"1166","whisky",NA
"1167","black-chopped-olives",NA
"1168","beet",1
"1169","lime-syrups",5
"1170","duck-fat",4
"1171","seeds",2
"1172","thuringian-sausages",4
"1173","aspartame",NA
"1174","wild-caviars",NA
"1175","citrus-fruit-teas",3
"1176","fresh-eggs",1
"1177","frozen-citrus",NA
"1178","labelled-vegetables",NA
"1179","olive-oil-from-nîmes",NA
"1180","valerian",NA
"1181","bitter-chocolate",4
"1182","meat-based-sauces",3
"1183","frozen-oyster-mushrooms",1
"1184","chaï-teas",NA
"1185","strained-tomatoes",1
"1186","lyophilized-parsley",4
"1187","brittany-beers",NA
"1188","frozen-chickpeas",1
"1189","prawns",3
"1190","kebab-pizzas",2
"1191","poultry-sausages",4
"1192","puffed-khorasan-wheat",1
"1193","yellow-curry-pastes",4
"1194","colas",4
"1195","cotton-lavender",NA
"1196","little-derby",NA
"1197","peking-duck",2
"1198","chocolate-spreads",5
"1199","clementine-jams",4
"1200","smetana-with-15.0-%-to-19.0-%-fat",NA
"1201","pound-cake",5
"1202","whipped-creams",4
"1203","mallow",5
"1204","acacia-honeys-from-jura",NA
"1205","cod-fillets",1
"1206","canned-mussels",2
"1207","frozen-salads",1
"1208","gummy-chips",NA
"1209","hot-dog-sandwiches",4
"1210","concentrated-fruit-juices",3
"1211","dijon-mayonnaises",5
"1212","roasted-pumpkin-seeds",4
"1213","smoked-chicken-breast",2
"1214","calissons-d'aix",NA
"1215","ukrainian-bread",NA
"1216","japanese-green-teas",NA
"1217","white-basmati-rices",1
"1218","decorticated-whole-red-lentils",NA
"1219","orange-soft-drinks",5
"1220","stone-ground-flours",NA
"1221","orange-syrups",4
"1222","fresh-beef-preparations",2
"1223","salmon-fillets",2
"1224","white-asparagus",1
"1225","five-cheese-pizza",4
"1226","mild-cheddar",4
"1227","blackcurrant-syrups",NA
"1228","provençale-sauces",NA
"1229","canned-common-beans",1
"1230","tea-based-beverages",4
"1231","smoked-herrings",4
"1232","squeezed-multifruit-juices",3
"1233","wines-from-america",NA
"1234","drinking-water",NA
"1235","buckwheat",1
"1236","plum-pastes",3
"1237","concentrated-multifruit-juices",3
"1238","rices-for-risotto",2
"1239","liquorice",5
"1240","buckwheat-milks",2
"1241","cheeses-from-wales",NA
"1242","sweetened-yogurts",3
"1243","light-orange-soft-drinks",3
"1244","clementine-juices",3
"1245","diced-ham",4
"1246","cane-sugar",4
"1247","leaf-salads",1
"1248","pickled-lupin-beans",3
"1249","sekt",NA
"1250","mueslis",3
"1251","goose-confits",5
"1252","wheat-groats",1
"1253","refrigerated-squeezed-pineapple-juices",3
"1254","midland-hawthorn",NA
"1255","rum-baba",3
"1256","non-alcoholic-wines",NA
"1257","canary-grass-milks",2
"1258","squeezed-pineapple-juices",3
"1259","blueberry-muffins",4
"1260","dragées",NA
"1261","gala-apples",1
"1262","mustards",4
"1263","unsmoked-bacon",4
"1264","from-24-months",NA
"1265","rye-and-wheat-breads",3
"1266","baby-follow-on-milk-from-5-months",2
"1267","grapefruits",2
"1268","nectarines",1
"1269","rice-semolinas",1
"1270","chevington-cheese",NA
"1271","honeys-from-romania",NA
"1272","hare-dishes",NA
"1273","eastern-tabbouleh",2
"1274","frozen-chopped-artichokes",1
"1275","samourai-sauces",5
"1276","desserts",3
"1277","breaded-hake-fish",2
"1278","canned-chards",1
"1279","marinated-olives",4
"1280","cassava-flour",3
"1281","canned-pineapples",1
"1282","guacamoles",3
"1283","khorasan-wheat-flakes",NA
"1284","lards",4
"1285","roe-deer-meat",4
"1286","dried-fruits",2
"1287","chocolate-cookies",5
"1288","sour-creams",4
"1289","flavored-waters",3
"1290","powdered-amaranth-milks",NA
"1291","sausages-from-spain",5
"1292","muffins",4
"1293","dijon-mustards",4
"1294","orange-juice-and-soy-drinks",5
"1295","weight-loss-tea-blends",3
"1296","baihao-yinzhen-teas",NA
"1297","vanilla-flavored-rice-pudding",3
"1298","artisan-cheeses",4
"1299","fresh-sprouts",1
"1300","common-wheat-flours",1
"1301","eggplant-caviar",NA
"1302","frozen-fresh-broad-beans",1
"1303","green-olives-stuffed-of-pepper",3
"1304","sweetened-natural-soy-milks",1
"1305","salmon-carpaccio",3
"1306","pitas",2
"1307","duck-legs",3
"1308","citrus",1
"1309","ravioli",3
"1310","emmentaler",4
"1311","durum-wheat-letters",NA
"1312","frozen-blueberries",1
"1313","red-fruit-teas",3
"1314","artisanal-ciders",NA
"1315","cream-of-tomato-soups",2
"1316","powdered-khorasan-wheat-milks",NA
"1317","raspberry-honeys",NA
"1318","camemberts",4
"1319","gazpacha-marinated-green-olives",3
"1320","mixed-fruit-soy-yogurts",2
"1321","pear-nectars",5
"1322","spelt-based-creams-for-cooking",2
"1323","yakitori-sauces",5
"1324","coffee-milks",3
"1325","pestos",4
"1326","alsatian-liver-sausages",NA
"1327","meat-analogues",2
"1328","rice-milks",2
"1329","chopped-oyster-mushrooms",NA
"1330","decorticated-lentils",1
"1331","mirabelle-syrups",5
"1332","sliced-breads",2
"1333","german-sausages",5
"1334","tropical-tunas",2
"1335","herbal-tea-blends",3
"1336","flavoured-potato-crisps",4
"1337","main-meals-for-babies",NA
"1338","sheep-dishes",2
"1339","chocolate-croissant",5
"1340","lithuanian-cheeses",4
"1341","red-windsor",NA
"1342","champignon-mushrooms",1
"1343","fish-eggs",4
"1344","german-chamomile",3
"1345","tripe-dishes",3
"1346","durum-wheat-plates-for-lasagna",1
"1347","english-bread-without-crust",2
"1348","half-salted-butter",5
"1349","sliced-breads-with-cereals",2
"1350","starches",3
"1351","ground-dried-chives",NA
"1352","hazelnut-butters",3
"1353","strawberry-sorbets",3
"1354","bacon",4
"1355","fresh-seaweeds",2
"1356","prepared-vegetables",2
"1357","melted-cheese",4
"1358","mozzarella-sandwiches",4
"1359","cereal-germs",1
"1360","lemonades",4
"1361","croissant-filled-with-chocolate",5
"1362","red-rice-vinegars",NA
"1363","orgeat-syrups",5
"1364","instant-mashed-potatoes",1
"1365","star-anise",NA
"1366","roasted-coffee-beans",NA
"1367","christmas-turkeys",NA
"1368","ducks",4
"1369","artificial-sugar-substitutes",3
"1370","fresh-pasta",3
"1371","garden-chervil-seeds",NA
"1372","malta",NA
"1373","aromatic-herbs",2
"1374","ground-dried-seaweeds",NA
"1375","frozen-chopped-garlic",1
"1376","bomba-rices",2
"1377","hams-of-san-daniele",4
"1378","ravioli-with-porcini-mushrooms",3
"1379","redcurrants-jellies",4
"1380","beets-salads",2
"1381","cooked-pressed-cheeses",4
"1382","small-spelt-flour-t70",1
"1383","canned-mixed-fruit-in-syrup",1
"1384","white-tahini",4
"1385","yellow-teas",NA
"1386","light-mayonnaises",4
"1387","bacon-rashers",4
"1388","boldo",NA
"1389","gazpacho",2
"1390","salami",5
"1391","products-sold-in-the-1960s",NA
"1392","chocolate-coated-maraschino-cherries",4
"1393","farming-products",2
"1394","iced-coffees",5
"1395","whole-black-olives",4
"1396","beluga-caviar",NA
"1397","roquefort-sauces",4
"1398","fruit-stirred-yogurts",3
"1399","half-aged-mimolettes",5
"1400","pumpkin-seeds-and-their-products",4
"1401","amaranth-oils",NA
"1402","chickens",3
"1403","pedrosillano-chickpeas",1
"1404","canned-wakame-seaweeds",NA
"1405","emmer-wheat-flours",NA
"1406","potted-spearmint",NA
"1407","quinoa",1
"1408","irish-whiskey",NA
"1409","medium-maple-syrups",NA
"1410","goose-fresh-meat",NA
"1411","open-beauty-facts",NA
"1412","potted-meats",5
"1413","dried-green-peppercorns",NA
"1414","durum-wheat-pasta-with-egg",2
"1415","chocolate-powders",3
"1416","bulgur",1
"1417","butternut-squashes",1
"1418","quinces",NA
"1419","chocolate-bars",5
"1420","tapas",3
"1421","sea-spaghetti-seaweeds",2
"1422","nut-milks",2
"1423","tahibonet-rices",NA
"1424","from-15-months",NA
"1425","candies",4
"1426","pistachios",4
"1427","strawberry-cheesecakes",3
"1428","summer-truffles",NA
"1429","brandys",NA
"1430","blackberries",1
"1431","free-range-eggs",1
"1432","oval-pizzas",3
"1433","sausage-rolls",4
"1434","potato-flours",3
"1435","duck-dishes",3
"1436","white-khorasan-wheat-flours",NA
"1437","white-meat-rillettes",4
"1438","west-australian-wine",NA
"1439","canned-paddy-straw-mushrooms",3
"1440","soups-for-babies",NA
"1441","tropical-fruits-soy-yogurts",2
"1442","chocolate-covered-coconut-balls",5
"1443","gummy-eggs",NA
"1444","low-fat-yogurts",1
"1445","chestnut-spreads",4
"1446","corn-oils",4
"1447","balsamic-vinegars",3
"1448","pumpkin-seed-butters",NA
"1449","aromatic-plants",2
"1450","frozen-peppers",1
"1451","lychee-honey",NA
"1452","avena",2
"1453","bolognese-raviolis",2
"1454","plant-based-creams",3
"1455","poultry-from-lauragais",NA
"1456","schnapps",NA
"1457","desi-chickpeas",1
"1458","stichelton",NA
"1459","fresh-ground-meat-preparations",3
"1460","fresh-ginger-rhizomes",NA
"1461","puffed-corn-cakes",2
"1462","kefir",2
"1463","mollusc",2
"1464","white-hams-with-less-salt",2
"1465","guava-pastes",3
"1466","plant-based-ice-cream-tubs",4
"1467","beef-ravioli",2
"1468","fresh-vegetables-sprouts",1
"1469","cocoa-rice-desserts",3
"1470","duck-rillettes",5
"1471","canned-asparagus",1
"1472","strawberry-milks",2
"1473","coconuts",3
"1474","roasted-unshelled-pumpkin-seeds",4
"1475","chocolates-with-hazelnuts",5
"1476","safflower-oils",4
"1477","teas",5
"1478","creamer",5
"1479","honeys-from-the-mountains",4
"1480","whole-champignon-mushrooms",2
"1481","polish-cheeses",NA
"1482","spanish-omelettes",3
"1483","stevia-and-their-products",3
"1484","sodas-with-exotic-fruits",5
"1485","tintern",NA
"1486","mozzarella",3
"1487","dark-chocolates-with-hazelnuts",5
"1488","whole-cayenne",NA
"1489","alfalfa-seeds",NA
"1490","fresh-broad-flours",NA
"1491","lemon-jams",4
"1492","coffee-eclairs",4
"1493","valençay-wine",NA
"1494","chicken-tabbouleh",2
"1495","protein-bars",4
"1496","redcurrant-sauce",NA
"1497","cowpeas",1
"1498","crabgrass",NA
"1499","emmental-cheese-sandwiches",3
"1500","pearl-millet",NA
"1501","dairy-spread",4
"1502","quiches",4
"1503","flaky-biscuits",5
"1504","frozen-mint",1
"1505","citrus-jams",4
"1506","canned-herrings",3
"1507","ground-dried-parsley",NA
"1508","oat-brans",1
"1509","poppyseed-oils",4
"1510","trouts",4
"1511","genmaicha-teas",NA
"1512","arrabbiata-sauces",3
"1513","potato-gratin",3
"1514","chestnut-flours",2
"1515","hijiki-seaweeds",NA
"1516","white-teas",NA
"1517","mixed-vegetable-pickles",2
"1518","pont-l'évêque",NA
"1519","flax-seeds",2
"1520","mixed-plant-milks",2
"1521","frozen-chopped-spinachs",1
"1522","non-alcoholic-beers",4
"1523","lyophilized-chives",2
"1524","digitaria-iburua",NA
"1525","apple-nectars",5
"1526","beers",3
"1527","sake",NA
"1528","frozen-ground-meat-preparations",4
"1529","linseed-oils",4
"1530","gambas",2
"1531","doughnuts",5
"1532","canned-peas-and-carrots",1
"1533","cherry-syrups",5
"1534","sweet-corn",1
"1535","vegetable-bouillon-powders",NA
"1536","smoked-tunas",4
"1537","breaded-chicken-cutlets",4
"1538","rhubarb-applesauces",1
"1539","khorasan-wheat-flours",1
"1540","pomegranates",1
"1541","poultry-from-languedoc",NA
"1542","chocolate-yogurts",3
"1543","wines-from-italy",NA
"1544","almond-creme-filled-wafers",5
"1545","secale",NA
"1546","pizzas-pies-and-quiches",3
"1547","quiches-with-vegetables",3
"1548","chocolates",5
"1549","canned-peppers",1
"1550","granizados",3
"1551","hot-dog-buns",3
"1552","thickeners",3
"1553","puffed-buckwheat",NA
"1554","durum-wheat-letters-integral-or-semi-integral",NA
"1555","chocolate-santa-clauses",5
"1556","honeys-from-yemen",NA
"1557","olive-oil-from-nyons",4
"1558","bries",4
"1559","raisin-cookies",5
"1560","virgin-coco-oils",5
"1561","blueberry-pies",4
"1562","porcini-mushrooms",NA
"1563","juniper-berries",5
"1564","frozen-pizzas-and-pies",3
"1565","madeleines-with-raisin",4
"1566","pike-rillettes",NA
"1567","hearts-of-palm",2
"1568","lupin-beans",3
"1569","edam",4
"1570","smoked-bacon-lardons",4
"1571","birch-syrups",NA
"1572","shelled-almonds",3
"1573","non-food-products",3
"1574","millet-groats",NA
"1575","aoc-cheeses",4
"1576","natural-rice-milks",2
"1577","emmer-wheats",NA
"1578","evening-meals-for-babies",NA
"1579","frozen-fishes",1
"1580","chocolate-covered-peanuts",5
"1581","instant-coffees",NA
"1582","olive-tree-products",4
"1583","fish-fillets",3
"1584","frozen-artichoke-hearts",1
"1585","red-quinoa",1
"1586","pears-in-syrup",1
"1587","apricot-yogurts",3
"1588","muscovado",4
"1589","chocolate-truffles",5
"1590","legume-flakes",1
"1591","figs-jams",4
"1592","teff-milks",NA
"1593","kangaroo-fresh-meat",2
"1594","dried-dulse-seaweeds",3
"1595","honey-candies",4
"1596","fraser-valley",NA
"1597","honeys-from-the-united-kingdom",NA
"1598","dried-tomatoes",3
"1599","sorghum",NA
"1600","cucumber-salads",2
"1601","white-rice-vinegars",NA
"1602","nameko-mushrooms",NA
"1603","coconut-butters",4
"1604","vegetable-broths",3
"1605","tinned-mackerels",3
"1606","fruits-coulis",3
"1607","vinegars",3
"1608","whole-or-semi-integral-durum-wheat-spaghetti-stars",NA
"1609","dog-food",NA
"1610","oat",1
"1611","cereals-for-babies",NA
"1612","amaranth",1
"1613","liver-sausages-from-ariége",NA
"1614","shelled-pine-nuts",3
"1615","spaghetti-squashes",NA
"1616","ajoblanco",2
"1617","lincolnshire-poacher-cheese",NA
"1618","cereal-grains",2
"1619","mediterannean-honeys",NA
"1620","fresh-coriander-leaves",NA
"1621","sugars",4
"1622","argan-oils",4
"1623","breaded-onion-rings",3
"1624","sardines-without-oil",3
"1625","squeezed-pear-juices",4
"1626","vegetable-gratins",3
"1627","sodium-cyclamate",3
"1628","chicken-wings",4
"1629","frozen-mixed-tropical-fruits",1
"1630","goose-gizzards",4
"1631","sardine-fillets",3
"1632","sour-cream-and-sweet-chilli-crisps",3
"1633","nori-seaweed-powders",NA
"1634","ice-creams-and-sorbets",4
"1635","dried-products-to-be-rehydrated",3
"1636","small-leaved-lime",NA
"1637","honey-vinegars",NA
"1638","brown-rum",NA
"1639","frozen-ground-steaks",3
"1640","veal-meat",2
"1641","maypop",NA
"1642","baked-milk",NA
"1643","whole-oyster-mushrooms",NA
"1644","parsnip-crisps",4
"1645","pasteurized-cheeses",4
"1646","concentrated-pomegranate-juices",5
"1647","ants",NA
"1648","raw-milks",2
"1649","emu-eggs",NA
"1650","latvian-vodkas",NA
"1651","seafood",3
"1652","russian-vodkas",NA
"1653","powdered-quinoa-milks",NA
"1654","frozen-poultry",2
"1655","shrimp-skewers",3
"1656","turmeric-rhizomes",NA
"1657","apricot-cereal-bars",4
"1658","mango-sorbets",3
"1659","pasteurized-camembert",4
"1660","grape-jams",4
"1661","oat-flakes",1
"1662","corn-whiskey",NA
"1663","grilled-almonds",4
"1664","canned-meals",2
"1665","corn-flakes",3
"1666","frozen-aromatic-plants",1
"1667","tomato-sauces",3
"1668","eggplant-gratin",2
"1669","potato-salads",2
"1670","rice-flakes",1
"1671","honeydew-melons",NA
"1672","canned-nameko-mushrooms",3
"1673","agnolotti",3
"1674","sardines-in-tomato-sauce",3
"1675","anglers",2
"1676","mango-compotes",1
"1677","pasta-gratin",3
"1678","honey-from-coniferous-trees",NA
"1679","chocolate-scupltures",5
"1680","mango-applesauces",1
"1681","herring",3
"1682","canned-vegetables",1
"1683","oak-honeys",NA
"1684","spelt-flakes",1
"1685","mushrooms-and-their-products",2
"1686","halloween-foods-and-drinks",4
"1687","advent-calendars",5
"1688","meslin-flours",NA
"1689","alcoholic-beverages",4
"1690","grape-juices",5
"1691","caramelized-mixed-nuts",NA
"1692","hazelnut-milks",2
"1693","cherries-in-syrup",2
"1694","barley-malt-syrup",4
"1695","milk-chocolates-with-fleur-de-sel",5
"1696","rye-flours-type-997",1
"1697","glucose",4
"1698","concentrated-pear-juices",NA
"1699","short-grain-rices",2
"1700","gofio",NA
"1701","french-cheeses",4
"1702","carbonated-waters",2
"1703","gari",3
"1704","chicken-ham",3
"1705","turkey-cutlets",1
"1706","breaded-whiting",1
"1707","apple-juices",3
"1708","einkorn-wheats",1
"1709","mackerels",3
"1710","frozen-foods",3
"1711","vegetable-sauces",3
"1712","baby-milks",2
"1713","white-chocolate-biscuits",5
"1714","dried-papayas",4
"1715","ground-meat-preparations",4
"1716","chickpeas-flours",1
"1717","spelt-flours-type-1050",1
"1718","aoc-agricultural-rums",NA
"1719","from-4-months",NA
"1720","chocolate-covered-prune",5
"1721","pinto-beans",1
"1722","meals-with-fish",3
"1723","vancouver-island",NA
"1724","norbury-blue",NA
"1725","apricot-marmalades",NA
"1726","onion-jams",3
"1727","fines-herbes-mustards",4
"1728","lychees",1
"1729","veal-blanquette",2
"1730","macadamia-nuts",4
"1731","chocolate-pistachio-ice-cream-cones",4
"1732","frozen-aubergines",1
"1733","rabbit-meat",3
"1734","shelled-pumpkin-seeds",4
"1735","frozen-meat-preparations",4
"1736","agata-potatoes",1
"1737","puffed-legumes",NA
"1738","oat-based-creams-for-cooking",2
"1739","fresh-meat-preparations",3
"1740","breakfast-cereals",3
"1741","spearmint",1
"1742","falafels",2
"1743","breaded-turkey",3
"1744","rye-flours",1
"1745","dry-biscuits",4
"1746","strawberry-vanilla-ice-cream-cones",4
"1747","breaded-cheeses",4
"1748","bolognese-pizzas",2
"1749","breams",2
"1750","mixed-seaweeds",3
"1751","seasonings",4
"1752","papaver-seeds",3
"1753","maltese-islands",NA
"1754","goat-cheeses",4
"1755","decorticated-split-red-lentils",NA
"1756","powdered-soy-milks",4
"1757","camemberts-de-normandie",4
"1758","potted-aromatic-plants",2
"1759","fresh-oregano",NA
"1760","frozen-chard-leaves",1
"1761","young-mimolettes",4
"1762","anise",2
"1763","proposed-for-deletion",NA
"1764","pickled-caper-berries",3
"1765","lychees-in-syrup",1
"1766","beers-with-pear",NA
"1767","non-dairy-desserts",2
"1768","durum-wheat-penne",1
"1769","bcaa",2
"1770","beef-rillettes",NA
"1771","cereal-oils",4
"1772","cocoa-rice-milks",2
"1773","the-cheese-shop",NA
"1774","breadsticks",4
"1775","fine-mustards",4
"1776","pigeon-peas",NA
"1777","dips",4
"1778","pizza-with-ham-and-cheese",3
"1779","teriyaki-sauces",4
"1780","acid-gummy-candies",4
"1781","beef-preparations",4
"1782","turkey-sausages",4
"1783","grenadine",5
"1784","farmer's-crisps",NA
"1785","coffee-capsules",4
"1786","milk-bread-rolls",4
"1787","pains-de-campagne",2
"1788","medicinal-waters",NA
"1789","olive-oils-from-italy",4
"1790","honeys-from-france",4
"1791","apple-chutneys",NA
"1792","cheese-and-onion-crisps",4
"1793","pepper-sauces",4
"1794","slovakian-cheeses",NA
"1795","frozen-soups",2
"1796","lingonberries",3
"1797","salmons-from-farming",2
"1798","cheddar-cheese",4
"1799","verbena-peppermint",2
"1800","cheeses-of-the-netherlands",4
"1801","pistachio-ice-cream-tubs",4
"1802","oysters",3
"1803","walnut-creme-turrón",NA
"1804","vanilla-pods",NA
"1805","green-grapes",1
"1806","swiss-eaux-de-vie",NA
"1807","salmon-terrine",3
"1808","garlic",2
"1809","corsican-beers",NA
"1810","camemberts-from-thermized-milk",4
"1811","chocolate-ice-cream-tubs",4
"1812","crab",2
"1813","pasteles-de-gloria",4
"1814","t80-buckwheat-flour",NA
"1815","royal-tabbouleh",2
"1816","red-beans",1
"1817","parmesan-cheese-sandwiches",2
"1818","red-wine-vinegars",3
"1819","canned-tartiflettes",2
"1820","corn-salad",1
"1821","swiss-chocolates",5
"1822","blueberries",3
"1823","corn-semolinas-for-polenta",1
"1824","peach-soy-yogurts",2
"1825","rice-flours",1
"1826","dry-cat-food",NA
"1827","refined-coco-oils",5
"1828","anchovy-fillets",4
"1829","meat-based-products",2
"1830","jellyfish",NA
"1831","white-nougat",4
"1832","honeys-from-jura",NA
"1833","baby-drinks",NA
"1834","tartare-sauces",4
"1835","four-cheese-pizza",4
"1836","sweet-spreads",4
"1837","blueberry-juices",3
"1838","papayas",2
"1839","madeleines",4
"1840","green-olives",4
"1841","low-fat-prepared-meals",1
"1842","olive-oils-from-france",4
"1843","khorasan-wheat-milks",2
"1844","beers-with-chestnut",NA
"1845","lettische-vodkas",NA
"1846","puffed-khorasan-wheat-cakes",NA
"1847","apricot-tartlets",4
"1848","wines-from-georgia",NA
"1849","lyon-sausage",4
"1850","propolis",NA
"1851","cheeses",4
"1852","chicken-risottos",2
"1853","ciders",NA
"1854","wheat-flours",1
"1855","chocolate-biscuity-bars",5
"1856","waterloo-cheese",NA
"1857","dovedale-cheese",NA
"1858","gratins",3
"1859","from-10-months",NA
"1860","alfajores",4
"1861","durum-wheat-pasta-vysshiy-sort-gost",NA
"1862","bananas",1
"1863","pear-tartlets",NA
"1864","chocolates-with-sweeteners",4
"1865","chocolate-cereal-bars",4
"1866","cherry-yogurts",3
"1867","smetana-with-15-%-fat",NA
"1868","frozen-nuts",1
"1869","barley",1
"1870","whiting-fillets",1
"1871","puffed-wholegrain-rice-cakes",2
"1872","fish-sandwiches",2
"1873","tuna-in-brine",2
"1874","nuts",4
"1875","pike-quenelles",3
"1876","pies",4
"1877","dried-nori-seaweed-sheets",2
"1878","pie-dough",4
"1879","fruit-jellies",4
"1880","dried-mixed-fruits",3
"1881","lake-erie-north-shore",NA
"1882","camembert-made-with-raw-milk",4
"1883","baker's-yeast",NA
"1884","artisan-jams",3
"1885","fresh-grapefruit-juice",2
"1886","wines-from-belgium",NA
"1887","chocolate-cakes",5
"1888","skyr",1
"1889","buttermilk-quark",NA
"1890","ground-nutmeg",2
"1891","indian-sauces",3
"1892","lavender",NA
"1893","toaster-pastries",4
"1894","protein-powders",3
"1895","frozen-green-peas",1
"1896","dried-meals",3
"1897","hungarian-pálinka",NA
"1898","frozen-pizzas",3
"1899","rooibos",2
"1900","crab-risottos",NA
"1901","roasted-cashew-nuts",4
"1902","plant-based-beverages",3
"1903","tartiflettes",3
"1904","fresh-alfalfa-sprouts",NA
"1905","caviar-substitutes-from-algae",3
"1906","kefir-2.5-%",NA
"1907","asparagus",1
"1908","orange-nectars",4
"1909","similkameen-valley",NA
"1910","quark-with-10%-fat-in-dry-mass",NA
"1911","mango-jams",3
"1912","tuna-sushis",NA
"1913","tapenades",4
"1914","charlotte-potatoes",1
"1915","ras-el-hanout",3
"1916","mantecados-and-polvorones-with-vegetal-fat",4
"1917","tikka-masala-sauce",3
"1918","broths",3
"1919","wheat-flour-t45",NA
"1920","puffed-quinoa",2
"1921","sweet-and-sour-sauces",4
"1922","dried-plant-based-foods",2
"1923","products-sold-in-the-1970s",NA
"1924","corn-chips",3
"1925","crispbreads",2
"1926","dried-sea-lettuce-seaweeds",3
"1927","canadian-whiskeys",NA
"1928","niagara-peninsula",NA
"1929","winter-barley",NA
"1930","cumin",3
"1931","almonds-spreads",4
"1932","foies-gras-from-ducks",5
"1933","french-champagnes",NA
"1934","soybean-butters",NA
"1935","powdered-millet-milks",NA
"1936","fennel",2
"1937","vegetable-jams",3
"1938","red-ports",NA
"1939","milk-chocolate-with-caramel",5
"1940","powdered-oat-milks",3
"1941","macarons",4
"1942","ground-dried-bay-laurel",NA
"1943","olive-oil-from-haute-provence",4
"1944","wines-from-cyprus",NA
"1945","fermented-milk-products",3
"1946","job's-tears",NA
"1947","tunisian-eaux-de-vie",NA
"1948","wheat-germ-oils",NA
"1949","chicken-gizzards",4
"1950","cloves",2
"1951","reindeer-meat",NA
"1952","flax-seed-flours",1
"1953","frozen-yogurts",3
"1954","chocolate-rabbits",5
"1955","croissant-filled-with-cream",5
"1956","paprika",2
"1957","roasted-nuts",4
"1958","durum-wheat-groats",NA
"1959","lymeswold-cheese",NA
"1960","dehydrated-broths",3
"1961","concentrated-orange-juices",3
"1962","dutch-apple-pies",NA
"1963","béchamel-sauces",NA
"1964","vegetable-salads",2
"1965","yeast-extract-spreads",4
"1966","xylitol",2
"1967","rice-in-a-box",2
"1968","raspberry-jams",3
"1969","whole-milk-yogurts",3
"1970","frozen-chopped-green-beans",1
"1971","tigernut-milks",2
"1972","chocolate-and-hazelnut-cookies",5
"1973","lemon-sorbets",3
"1974","cream-of-asparagus-soups",3
"1975","chocolate-pies",5
"1976","gluten-free-biscuits",4
"1977","blackberry-jellies",4
"1978","puddings",3
"1979","small-spelt-flour-t65",NA
"1980","anticaking-agents",3
"1981","veal-meat-dishes",2
"1982","black-seedless-grapes",NA
"1983","milks",2
"1984","fars",3
"1985","wines-from-greece",NA
"1986","fresh-bay-laurel",NA
"1987","spinachs",1
"1988","hypoallergenic-milks",NA
"1989","caramel-yogurts",3
"1990","canned-alfalfa-sprouts",NA
"1991","pickles",3
"1992","spirulina",2
"1993","prepared-meats",4
"1994","syrups-with-anise",NA
"1995","vanilla-stuffed-wafers",5
"1996","dried-aromatic-plants",3
"1997","whole-spelt-flours",1
"1998","dessert-creams",3
"1999","fresh-fenugreek-leaves",NA
"2000","peach-juice-and-soy-drinks",5
"2001","canned-broad-beans",1
"2002","canned-sea-spaghetti-seaweeds",NA
"2003","coriander-seeds",NA
"2004","hamburger-buns",2
"2005","roasted-hazelnuts",3
"2006","coffees",4
"2007","caramelized-peanuts",4
"2008","buxton-blue",NA
"2009","salmon-sushis",NA
"2010","ground-beef-steaks",2
"2011","spaghetti",1
"2012","smoked-swordfish",4
"2013","hazelnuts",3
"2014","daikon-radishes",NA
"2015","einkorn-wheat-flours",1
"2016","mace",NA
"2017","banana-cereal-bars",4
"2018","french-gruyères",NA
"2019","chinese-noodles",2
"2020","medlars",NA
"2021","coconut-turrón",NA
"2022","ground-peppers",2
"2023","wheat-flour-t110",1
"2024","smoked-lardons",5
"2025","frozen-chives",1
"2026","south-australian-wine",NA
"2027","light-margarines",4
"2028","pickled-guindilla-peppers",2
"2029","thermogenics",NA
"2030","ground-steaks",2
"2031","cereal-flakes",2
"2032","wines-from-croatia",NA
"2033","salmon-sandwiches",3
"2034","black-grapes",NA
"2035","goat-dishes",NA
"2036","dried-apples",3
"2037","unshelled-peanuts",4
"2038","red-curry-pastes",4
"2039","chili-sin-carne",2
"2040","legume-seeds",1
"2041","strawberry-compotes",1
"2042","smoked-trouts",4
"2043","paddlefish-caviars",NA
"2044","canned-hygrophorus-latitabundus",NA
"2045","cola-sodas-without-caffeine",3
"2046","dried-coconut",3
"2047","shelled-hazelnuts",3
"2048","rice-brans",NA
"2049","sprouts",2
"2050","fruit-sodas",4
"2051","wet-cat-food",NA
"2052","irish-moss-seaweeds",NA
"2053","maasdam",4
"2054","puffed-millet",1
"2055","fermenting-flours",NA
"2056","wines-from-california",NA
"2057","gummy-bears",4
"2058","sliced-cheeses",4
"2059","maroilles-tarts",4
"2060","poultry-lardons",4
"2061","cantal-cheese-sandwiches",4
"2062","dried-scotch-bonnet-mushrooms",NA
"2063","granulated-sugars",4
"2064","wines-from-austria",NA
"2065","black-forest-gâteau",NA
"2066","frozen-plant-based-foods",1
"2067","plums",2
"2068","chestnuts-in-syrup",3
"2069","cheese-samosas",NA
"2070","mixed-berry-jams",3
"2071","lemon-meringue-pies",4
"2072","weight-loss-teas",5
"2073","galettes",3
"2074","frozen-chestnuts",1
"2075","rye",NA
"2076","dominican-rums",NA
"2077","olive-oil-from-vallée-des-baux-de-provence",NA
"2078","coconut-macaroons",5
"2079","mantecados-y-polvorones-with-margarine",4
"2080","raspberry-coulis",3
"2081","marmalades",4
"2082","flavored-teas",NA
"2083","wrekin-white",NA
"2084","honey-stuffed-waffles",5
"2085","frozen-white-asparagus",NA
"2086","prepared-lentils",1
"2087","syrups",4
"2088","plant-based-spreads",3
"2089","cannelloni",2
"2090","medium-grain-rices",2
"2091","empty",NA
"2092","cream-of-zucchini-soups",2
"2093","barbecue-sauces",4
"2094","sage",NA
"2095","brown-basmati-rices",NA
"2096","cheese-ravioli",3
"2097","vanilla-muffins",4
"2098","pear-sorbets",3
"2099","fresh-onion-sprouts",1
"2100","freeze-dried-vegetables",NA
"2101","geese",NA
"2102","canned-vegetable-soups",2
"2103","squeezed-plum-juices",NA
"2104","duck-pâtés",NA
"2105","nut-butters",4
"2106","artisanal-spirits",NA
"2107","multifruit-nectars",5
"2108","breads",2
"2109","pickled-gherkins",2
"2110","corn-syrups",4
"2111","paddy-rices",NA
"2112","beers-from-germany",NA
"2113","grana-padano",4
"2114","cereal-semolinas",1
"2115","frozen-red-cabbage",NA
"2116","almonds",3
"2117","melons",1
"2118","frozen-chards",1
"2119","puffed-rice-cakes-with-black-chocolate",4
"2120","boar-terrine",5
"2121","bread-flours",1
"2122","pork-skewers",3
"2123","apple-jams",4
"2124","chicken-drumsticks",3
"2125","non-dairy-yogurts",2
"2126","carrageenans",NA
"2127","chocolate-muffins",4
"2128","whitish-truffles",NA
"2129","vanilla-cheesecakes",4
"2130","frozen-fries",2
"2131","tequilas",NA
"2132","pear-pies",4
"2133","concentrated-grape-juices",5
"2134","canned-peas",1
"2135","green-olives-stuffed-of-lemon",3
"2136","fresh-foods",3
"2137","honeybush",NA
"2138","fresh-rosemary",NA
"2139","frozen-cauliflower-florets",1
"2140","grated-emmentaler",4
"2141","indica-rices",1
"2142","chocolate-vanilla-ice-cream-cones",4
"2143","liqueurs",NA
"2144","high-fructose-corn-syrups",NA
"2145","cereals-with-caramel",3
"2146","chicken-nems",3
"2147","senseo-compatible-coffee-capsules",NA
"2148","roasted-peanuts",4
"2149","turmeric-powder",2
"2150","hemp-milks",2
"2151","poultries-from-ancenis",NA
"2152","green-bean-flours",NA
"2153","veggie-burgers",2
"2154","noodles",2
"2155","fruit-smoothies",4
"2156","peach-applesauce",1
"2157","plant-based-meals",2
"2158","raspberry-yogurts",3
"2159","baby-start-milk-from-10-months",NA
"2160","extended-shelf-life-milks",2
"2161","filled-cereals",4
"2162","vegetarian-sausages",3
"2163","frozen-romanesco",NA
"2164","okanagan-valley",NA
"2165","green-olives-stuffed-of-almond",4
"2166","wheat-crumbs",3
"2167","non-dairy-cheeses",4
"2168","easter-chocolate-eggs",5
"2169","baked-beans-in-tomato-sauce",1
"2170","apple-sorbets",3
"2171","powdered-teff-milks",NA
"2172","dried-coconut-flour",3
"2173","english-muffins",2
"2174","cherry-tomatoes",1
"2175","frozen-whole-flat-green-beans",NA
"2176","flavour-enhancers",2
"2177","pitted-dates",3
"2178","unshelled-sunflower-seeds",4
"2179","acar",2
"2180","brown-jasmine-rices",2
"2181","sardines-in-sunflower-oil",3
"2182","smoked-back-bacon",4
"2183","flower-jams",4
"2184","platerines",NA
"2185","figs",2
"2186","portuguese-cheeses",4
"2187","canned-leeks",1
"2188","panela",NA
"2189","red-goudas",NA
"2190","sausages-from-savoy",5
"2191","powdered-rice-milks",NA
"2192","red-pestos",4
"2193","apple-compotes",1
"2194","sugarcane-vinegars",NA
"2195","frozen-broccoli-florets",1
"2196","french-sausages",5
"2197","phanaeng-curry-pastes",NA
"2198","maple-syrups",4
"2199","liquor-filled-chocolate-covered-cherries",5
"2200","dry-pasta",1
"2201","tomato-mustards",NA
"2202","canned-red-pine-mushrooms",NA
"2203","wine-without-geographic-indication",NA
"2204","jams",3
"2205","refrigerated-soups",2
"2206","caviars",4
"2207","chards",1
"2208","decorticated-blonde-lentils",NA
"2209","tangerine-nectars",NA
"2210","eucalyptus",NA
"2211","strawberry-biscuits",4
"2212","peppermint",4
"2213","vervains",3
"2214","sesame-milks",NA
"2215","traditional-ciders",NA
"2216","black-peppers",2
"2217","table-waters",2
"2218","tendral-melons",NA
"2219","turmeric",2
"2220","chorizo-pizzas",3
"2221","pear-applesauces",1
"2222","lorraine-quiche",4
"2223","miniature-asparagus",1
"2224","rum-and-raisins-ice-cream-tubs",4
"2225","harbourne-blue",NA
"2226","hyssop",NA
"2227","pies-from-normandy",4
"2228","marble-cakes",4
"2229","baby-dairy-desserts",NA
"2230","pizzas",3
"2231","bee-products",4
"2232","fleurs-de-sel",3
"2233","canned-nuts",1
"2234","ham-and-cheese-sandwiches",4
"2235","frozen-vegetables",1
"2236","pineapple-nectars",5
"2237","molène-sausage",NA
"2238","pickled-cucumbers",2
"2239","soups",2
"2240","strawberry-coulis",3
"2241","onions",1
"2242","wheat-pasta",1
"2243","bambara-groundnuts",NA
"2244","canned-sweet-corn",1
"2245","nut-confectioneries",4
"2246","marzipan-figures",4
"2247","piemontese-salads-with-ham",3
"2248","baby-follow-on-milk-from-2-years",NA
"2249","sage-derby",NA
"2250","frozen-common-beans",1
"2251","fresh-spearmint",NA
"2252","unsweetened-natural-soy-milks",1
"2253","lentil-flours",1
"2254","khorasan-wheat-brans",NA
"2255","rhubarbs",1
"2256","shortbread-cookies",5
"2257","onion-chutneys",4
"2258","tempeh",1
"2259","ice-cream-tubs",4
"2260","concentrated-apricot-juices",NA
"2261","wheat-flatbreads",3
"2262","multifruit-juices",3
"2263","turkey-fillets",3
"2264","concentrated-plum-juices",NA
"2265","panettone",4
"2266","fruit-juice-and-soy-drinks",4
"2267","ground-black-peppers",2
"2268","elderberries",NA
"2269","quark",2
"2270","sunflower-honeys",NA
"2271","partridge-fresh-meat",NA
"2272","rice-stuffed-tomatoes",3
"2273","freeze-dried-instant-coffees",NA
"2274","meals-with-meat",2
"2275","quince-cheeses",3
"2276","elderberry-flowers",NA
"2277","brazil-nuts",4
"2278","roasted-sunflower-seeds",4
"2279","plant-based-ice-cream-bars",4
"2280","green-olives-in-brine",4
"2281","egg-noodles",1
"2282","black-eyed-peas",1
"2283","fresh-vegetables",1
"2284","cardamom",2
"2285","cashew-nut-bars",4
"2286","fruit-teas",3
"2287","medicine",NA
"2288","seaweeds-and-their-products",3
"2289","thermised-milk-cheeses",4
"2290","medoc-wines",NA
"2291","peanut-oils",4
"2292","frozen-champignon-mushrooms",1
"2293","roscos-de-vino",4
"2294","apricots-in-syrup",1
"2295","cheeses-from-corsica",3
"2296","st.-jacques-shells",NA
"2297","cereal-flours",1
"2298","black-truffles",NA
"2299","cereals-with-honey",3
"2300","mushroom-ravioli",3
"2301","maple-sugars",3
"2302","gnocchi",3
"2303","tandoori-sauces",3
"2304","quiches-with-fish",3
"2305","mangoes",1
"2306","salt-and-vinegar-crisps",4
"2307","groats",1
"2308","sword-beans",NA
"2309","spices",3
"2310","lasagne-with-goat-cheese-and-spinach",3
"2311","mustard-oils",NA
"2312","ice-cream-cones",4
"2313","infant-formulas",NA
"2314","ground-flax-seeds",2
"2315","stinking-bishop-cheese",NA
"2316","pomelos",NA
"2317","red-bell-peppers",2
"2318","tuna-sandwiches",2
"2319","grated-coconut",3
"2320","saint-félicien-cheese",NA
"2321","canelés",NA
"2322","dried-vegetables",2
"2323","barley-milks",NA
"2324","basmati-rices",1
"2325","gummy-cola-bottles",4
"2326","tomato-purées",NA
"2327","blackcurrant-mustards",4
"2328","welsh-whisky",NA
"2329","gingerbreads",4
"2330","chocolate-covered-raisins",5
"2331","gray-peppers",3
"2332","cod-liver-oils",NA
"2333","fresh-plant-based-foods",1
"2334","tahini",4
"2335","banana-jams",3
"2336","tonic-water",4
"2337","filled-chocolates",5
"2338","rye-whisky",NA
"2339","frozen-whole-porcini-mushrooms",1
"2340","gull-eggs",NA
"2341","millet",1
"2342","chewing-gum",2
"2343","popcorn",4
"2344","duck-breasts",5
"2345","coleraine-cheddar",NA
"2346","hyacinth-beans",NA
"2347","canned-quartered-champignon-mushrooms",2
"2348","sweet-potato-crisps",4
"2349","vegetable-juices",2
"2350","penne-rigate",1
"2351","fish-fingers",2
"2352","pineapple-juice-and-soy-drinks",5
"2353","frozen-ravioli",2
"2354","dried-figs",2
"2355","chocolates-with-almonds",5
"2356","specialty-made-with-tripe",2
"2357","liquid-broths",3
"2358","assorted-jams",4
"2359","cocoa-and-hazelnuts-spreads",5
"2360","pickled-sausages",4
"2361","beef-tongues",3
"2362","sugary-cooking-helpers",4
"2363","steviol-glycosides",3
"2364","hot-beverages",3
"2365","vanilla-yogurt",3
"2366","kombu-seaweeds",3
"2367","oat-milks",2
"2368","peanuts",4
"2369","white-honeys-from-tigrai",NA
"2370","refrigerated-foods",3
"2371","european-moose-meat",NA
"2372","coppa-sandwiches",4
"2373","frozen-baked-potatoes",2
"2374","apricot-jams",3
"2375","mixed-rices",2
"2376","fries",2
"2377","unshelled-pumpkin-seeds",4
"2378","salmons",3
"2379","cinnamon-sticks",2
"2380","pilgrims-choice",NA
"2381","refrigerated-squeezed-juices",3
"2382","french-blue-veined-cheeses",5
"2383","chianti",NA
"2384","foies-gras-from-gooses",5
"2385","honeys",4
"2386","shoumei-teas",NA
"2387","pickled-green-peppercorns",NA
"2388","canned-white-asparagus",1
"2389","lemon-soy-yogurts",2
"2390","frozen-falafel",2
"2391","french-whisky",NA
"2392","redcurrants-jams",3
"2393","wholemeal-english-bread",1
"2394","neotame",NA
"2395","fresh-aromatic-plants",1
"2396","caboc",NA
"2397","fried-foods",4
"2398","cream-cheeses",3
"2399","broccoli",1
"2400","salted-dark-chocolates",5
"2401","fleur-de-sel-chocolates",5
"2402","capicola",5
"2403","industrial-knacks",4
"2404","traditional-balsamic-vinegar-of-reggio-emilia",NA
"2405","potato-crisps",4
"2406","plum-sorbets",3
"2407","dessert-mixes",4
"2408","rock-teas",NA
"2409","hot-sauces",3
"2410","wheat-flour-t405",1
"2411","fresh-flat-green-beans",NA
"2412","mortadella",5
"2413","fruit-salads-in-syrup",2
"2414","basil",2
"2415","canned-seaweeds",3
"2416","meslin",NA
"2417","mackerel-fillets-in-escabeche",3
"2418","mint-teas",NA
"2419","caramel-pork",2
"2420","passion-fruit-nectars",5
"2421","mango-yogurts",3
"2422","powdered-almond-milks",2
"2423","puffed-cereals",3
"2424","champagnes",NA
"2425","refrigerated-vegetable-soups",2
"2426","lettuces",1
"2427","cold-starters",2
"2428","old-fashioned-crisps",4
"2429","ground-dried-dill",NA
"2430","guava-jams",3
"2431","pumpkin-seed-oils",4
"2432","vanilla-ice-cream-bars",4
"2433","mildly-carbonated-natural-mineral-water",NA
"2434","bagnoli-truffles",NA
"2435","beers-from-bremen",NA
"2436","wild-smoked-salmons",4
"2437","young-gouda",4
"2438","decaffeinated-teas",NA
"2439","beenleigh-blue-cheese",NA
"2440","blueberry-yogurts",3
"2441","pecan-nuts",4
"2442","wheat-syrups",NA
"2443","dessert-wines",NA
"2444","potato-crisps-in-olive-oil",4
"2445","bicarbonates-of-soda",3
"2446","tomato-soups",3
"2447","cooked-chicken",3
"2448","beef",3
"2449","cheese-fondue-from-savoy",4
"2450","grated-carrots",2
"2451","concentrated-carrot-juices",5
"2452","white-chocolates-with-sweeteners",4
"2453","pine-nuts",3
"2454","plain-yogurts",2
"2455","fresh-meats",2
"2456","handmade-breadsticks",3
"2457","frozen-chanterelle-mushrooms",1
"2458","apple-pastes",3
"2459","tofu",2
"2460","banana-yogurts",3
"2461","duck-eggs",3
"2462","apple-pies",4
"2463","dromedary",NA
"2464","dried-hijiki-seaweeds",NA
"2465","tabbouleh-with-olive-oil",2
"2466","fruits-and-vegetables-based-foods",2
"2467","sugar-pies",5
"2468","cheeses-from-england",4
"2469","rosette-sandwiches",5
"2470","gluten-free-sliced-breads",3
"2471","puffed-wheat",2
"2472","decorticated-red-lentils",1
"2473","yogurts",2
"2474","pots",2
"2475","matza-flours",NA
"2476","products-sold-in-the-1990s",5
"2477","extra-virgin-olive-oils",4
"2478","fermented-teas",NA
"2479","canned-cereals",1
"2480","vegetable-fats",4
"2481","dried-mangoes",3
"2482","wafers",5
"2483","plant-based-creams-for-cooking",3
"2484","chicken-terrine",5
"2485","zucchini",1
"2486","olive-oils",4
"2487","meringues",4
"2488","energy-bars",4
"2489","marsh-mallow",5
"2490","roasted-hazelnuts-with-skin",NA
"2491","corn-germ",NA
"2492","skipjack-tuna",2
"2493","stuffed-pastas",3
"2494","pecan-oils",NA
"2495","vanilla-teas",NA
"2496","cereals-and-their-products",2
"2497","cereal-brans",1
"2498","pine-nut-oils",NA
"2499","snails-preparations",5
"2500","lentil-salads",1
"2501","pickled-eggplants",2
"2502","whole-green-olives",4
"2503","frozen-zucchini",1
"2504","rice-puddings",3
"2505","canned-green-beans",1
"2506","dried-mixed-mushrooms",2
"2507","chocolate-mint-ice-cream-cones",NA
"2508","plant-based-foods-and-beverages",3
"2509","five-counties-cheese",NA
"2510","dromedary-fresh-meat",NA
"2511","lemon-teas",NA
"2512","canned-mixed-seaweeds",NA
"2513","barbecue-crisps",4
"2514","plant-milks",2
"2515","fruits-based-foods",2
"2516","walnut-butters",NA
"2517","frozen-chopped-broad-green-beans",1
"2518","common-bilberries",NA
"2519","butter-croissants",5
"2520","christmas-sweets",4
"2521","cancoillottes",3
"2522","creatine",2
"2523","peach-jams",3
"2524","wrong-barcode-duplicates",NA
"2525","coffee-drinks",4
"2526","sparkling-ciders",NA
"2527","hazelnut-oils",3
"2528","rye-flours-type-1740",NA
"2529","emmentals-of-savoy",3
"2530","canned-flageolet-beans",1
"2531","baby-dishes",NA
"2532","sardines-in-oil",3
"2533","samoussas-with-poultry",3
"2534","soy-milks",1
"2535","oregano",2
"2536","fried-rice",2
"2537","cookies-with-milk-chocolate",5
"2538","elderberry-jellies",4
"2539","sussex-slipcote",NA
"2540","plant-based-foods",2
"2541","american-whiskeys",NA
"2542","cigarettes",5
"2543","teas-in-tea-bags",3
"2544","pancake-mixes",NA
"2545","soft-cheeses-with-bloomy-rind",4
"2546","puffed-corn-cakes-with-milk-chocolate",5
"2547","endives",1
"2548","sesame-halva",4
"2549","royal-jelly",2
"2550","coconut-waters",4
"2551","natural-dried-tomatoes",2
"2552","falafel-sandwiches",2
"2553","violet-syrups",5
"2554","light-potato-crisps",3
"2555","rose-hip",NA
"2556","caramel-spreads",5
"2557","ribwort-plantain",NA
"2558","bancha-teas",NA
"2559","glutamine",NA
"2560","sea-salts",3
"2561","sultana-raisins",3
"2562","tropical-fruit-jams",3
"2563","newport-1665",NA
"2564","winter-truffles",NA
"2565","cantaloupe-melons",1
"2566","shelled-nuts",3
"2567","black-vinegars",NA
"2568","galia-melons",NA
"2569","oat-groats",1
"2570","vitamines",3
"2571","black-pudding",4
"2572","extra-mature-cheddar",4
"2573","lyophilized-ginger",NA
"2574","crackers",4
"2575","vegetarian-hot-dog-sausages",3
"2576","chili-peppers",3
"2577","lobster-bisque",2
"2578","frozen-vegetable-mixes",1
"2579","white-chocolates",5
"2580","swiss-gruyères",NA
"2581","strawberry-tartlets",5
"2582","macadamia-oils",NA
"2583","garlic-and-their-products",2
"2584","grated-cheese",4
"2585","beers-with-fruits",NA
"2586","caerphilly",NA
"2587","brown-breads",2
"2588","canned-salsifis",1
"2589","cottonseed-oils",NA
"2590","mixed-cereal-flakes",3
"2591","apricots",2
"2592","cods",3
"2593","maltitol",NA
"2594","sugared-crêpes",NA
"2595","flavored-and-colored-dry-pastas",1
"2596","dehydrated-sauces",4
"2597","quadruple-beer",NA
"2598","shrimp-sushis",NA
"2599","amber-beers",NA
"2600","yellowfin-tunas",2
"2601","fresh-green-beans",1
"2602","molasses",4
"2603","raspberry-jellies",4
"2604","ground-dried-spearmint",NA
"2605","frozen-green-asparagus",1
"2606","peppercorns",2
"2607","romanesco",NA
"2608","dried-peaches",2
"2609","atjar-tjampoer",1
"2610","peas",1
"2611","mixtures-of-aromatic-plants",3
"2612","distilled-beverages",NA
"2613","frozen-spearmint",1
"2614","federweisser",NA
"2615","dark-chocolates-with-fleur-de-sel",5
"2616","toasts",3
"2617","stretched-curd-cheeses",3
"2618","dried-goji",2
"2619","rice-wine-vinegars",NA
"2620","pistachio-oils",4
"2621","puffed-spelt",1
"2622","cheese-pizzas",4
"2623","fruit-turrón",NA
"2624","iced-teas-with-raspberry-flavor",4
"2625","bouillon-powders",3
"2626","frozen-vegetable-tempura",2
"2627","cocoa-powders",3
"2628","plain-stirred-yogurts",2
"2629","beef-from-bazas",NA
"2630","castellano-chickpeas",1
"2631","from-8-months",NA
"2632","garden-chervil-products",NA
"2633","pork-samosas",4
"2634","orange-jams",3
"2635","rock-candies",4
"2636","roasted-pistachios",4
"2637","ground-brown-flax-seeds",NA
"2638","jamaican-rum",NA
"2639","chicken-curry",2
"2640","wakame-seaweeds",3
"2641","turkey-dishes",3
"2642","cage-eggs",1
"2643","poultry-skewers",2
"2644","molded-butters",5
"2645","powdered-nut-milks",2
"2646","canned-scarlet-runner-beans",1
"2647","bodybuilding-supplements",3
"2648","fermented-milk-drinks",2
"2649","sugared-beverages",4
"2650","wines-from-canada",NA
"2651","brava-sauce",4
"2652","sauerkrauts",3
"2653","mature-cheddar",4
"2654","sweet-wines",NA
"2655","frozen-corn-on-the-cob",1
"2656","black-olives",4
"2657","green-sauces",4
"2658","country-style-pâtés",NA
"2659","ground-fenugreek-seeds",NA
"2660","coconut-milks",4
"2661","oat-flours",1
"2662","lyophilized-aromatic-plants",2
"2663","chicken-eggs",1
"2664","dried-cranberries",3
"2665","toasted-sesame",3
"2666","canned-sardines",3
"2667","spelt-flours",1
"2668","pre-food",NA
"2669","banana-nectars",5
"2670","long-jing-green-teas",NA
"2671","chechil",NA
"2672","powdered-panela",NA
"2673","frozen-chopped-porcini-mushrooms",NA
"2674","sliced-champignon-mushrooms",1
"2675","cocoa-soy-desserts",2
"2676","beef-tongues-with-madeira-sauce",3
"2677","egg-pastas",1
"2678","apple-juice-and-soy-drinks",4
"2679","meals-with-rabbit-or-hare",2
"2680","legume-milks",1
"2681","coconut-yogurts",3
"2682","old-style-mustards",4
"2683","rye-flours-type-1370",NA
"2684","lanark-blue",NA
"2685","fenugreek-products",3
"2686","puffed-soybeans",NA
"2687","seitan",2
"2688","cathedral-city-cheddar",NA
"2689","sushi-and-maki",3
"2690","cereals-and-potatoes",2
"2691","bilberries",1
"2692","soy-sauces",4
"2693","peach-flavored-iced-teas",4
"2694","purple-asparagus",1
"2695","snacks-and-desserts-for-babies",NA
"2696","cheese-pies",4
"2697","beverages",4
"2698","oolong-teas",NA
"2699","coix",NA
"2700","canned-meats",3
"2701","quinoa-flakes",1
"2702","wines-from-australia",NA
"2703","fruits-in-syrup",1
"2704","naans",2
"2705","milkfat",5
"2706","protein-energy-bars",4
"2707","coconut-based-creams-for-cooking",4
"2708","squeezed-grapefruit-juices",3
"2709","paprika-crisps",4
"2710","powdered-legume-milks",4
"2711","canned-green-asparagus",1
"2712","egg-free-mayonnaises",4
"2713","spiny-lobsters",1
"2714","shrimps",2
"2715","fruit-brandy",NA
"2716","mushroom-powders",NA
"2717","fish-quenelles",3
"2718","clementines",1
"2719","canned-bloody-milk-cap",3
"2720","dark-chocolates-with-sweeteners",4
"2721","kefir-1-%",NA
"2722","gouda",4
"2723","kombu-seaweed-powders",NA
"2724","liquid-honeys",4
"2725","plum-jams",3
"2726","lactose-free-milk",2
"2727","green-peppercorns",4
"2728","common-wheats",1
"2729","frozen-porcini-mushrooms",1
"2730","whole-dates",3
"2731","darnitsky-bread",NA
"2732","canned-kidney-common-beans",1
"2733","red-radishes",1
"2734","chocolate-eclairs",4
"2735","soups-of-lentils",2
"2736","breton-cakes",5
"2737","frozen-avocados",1
"2738","marjoram",NA
"2739","carrot-soups",2
"2740","dried-false-irish-moss-seaweeds",NA
"2741","lemon-balm",NA
"2742","concentrated-tomato-juices",2
"2743","compotes-to-drink",1
"2744","mashed-vegetables",2
"2745","rennet-quark",2
"2746","valençay-cheese",NA
"2747","ground-dried-lemon-verbena",NA
"2748","y-fenni",NA
"2749","brown-lentils",1
"2750","salted-spreads",4
"2751","flavoured-yogurts",2
"2752","canned-white-common-beans",1
"2753","japanese-rice-vinegars",NA
"2754","frozen-pineapples",1
"2755","chirimuyas",NA
"2756","semi-skimmed-milks",2
"2757","fried-tomato-sauces",3
"2758","three-cheese-pizza",4
"2759","wine-based-drinks",NA
"2760","raw-sesame",3
"2761","florentines",5
"2762","frozen-cereals",1
"2763","pepperoni-pizzas",4
"2764","cereal-syrups",4
"2765","terrine",4
"2766","freeze-dried-plant-based-foods",3
"2767","raspberry-sorbets",3
"2768","caramels",5
"2769","frozen-sliced-zucchini",1
"2770","perforate-st-john's-wort",NA
"2771","pasteurised-milk-munsters",4
"2772","back-bacon",4
"2773","cereal-milks",2
"2774","puffed-rice-cakes-with-white-chocolate",5
"2775","tzatzikis",3
"2776","smoked-chechil",NA
"2777","peaches",2
"2778","velvet-beans",NA
"2779","iced-teas-with-mint-flavor",4
"2780","french-rums",NA
"2781","wine-vinegars",2
"2782","potted-rosemary",NA
"2783","lamb-rillettes",NA
"2784","fats",4
"2785","squeezed-tangerine-juices",3
"2786","compotes",1
"2787","raw-hazelnuts",3
"2788","caramel-chocolates",5
"2789","banderillas",2
"2790","mint",3
"2791","puffed-oat",2
"2792","cherry-soy-yogurts",2
"2793","meat-of-the-grisons",4
"2794","zwieback",3
"2795","frozen-spinachs",1
"2796","herbes-de-provence",3
"2797","berries",2
"2798","neapolitan-sauces",3
"2799","grapefruit-juices",3
"2800","dehydrated-vegetable-bouillons",2
"2801","leek-quiche",4
"2802","black-rice-vinegars",NA
"2803","cheshire-cheese",NA
"2804","squeezed-apple-juices",3
"2805","puffed-rye",NA
"2806","labeled-cheeses",4
"2807","attested-milks",2
"2808","green-teas",NA
"2809","norin-10-wheats",NA
"2810","saffron-threads",1
"2811","dandelion",NA
"2812","cracked-marinated-green-olives",3
"2813","tomato-juices",2
"2814","squeezed-pomegranate-juices",NA
"2815","groceries",3
"2816","brighton-blue",NA
"2817","durum-wheat-noodles",1
"2818","strong-beers",NA
"2819","wines-from-portugal",NA
"2820","fuji-apples",1
"2821","risottos",3
"2822","decaffeinated-coffee-capsules",NA
"2823","frozen-fruits",1
"2824","oyster-sauces",4
"2825","garden-strawberries",NA
"2826","sweet-mustards",4
"2827","canned-oyster-mushrooms",2
"2828","egg-spaghetti",1
"2829","frozen-carrots",1
"2830","dietary-jams",1
"2831","artisan-products",4
"2832","ground-dried-tarragon",NA
"2833","maize-milks",NA
"2834","cheeses-from-switzerland",4
"2835","cabbages",1
"2836","nougats-from-tours",NA
"2837","wines-from-france",NA
"2838","filled-milk-chocolates",5
"2839","pumpkin-plant-products",3
"2840","corn",2
"2841","harissa-sauces",3
"2842","french-eaux-de-vie",NA
"2843","green-peas",1
"2844","apple-syrups",NA
"2845","soy-based-creams-for-cooking",2
"2846","verbena-family",3
"2847","piemontese-salads-with-chicken",2
"2848","fresh-stevia",NA
"2849","chocolate-madeleines",4
"2850","wines-from-malta",NA
"2851","orange-goudas",NA
"2852","sushi",3
"2853","blackcurrant-jams",3
"2854","rice-vermicelli",2
"2855","smoked-cheeses",4
"2856","bai-mudan-teas",NA
"2857","refrigerated-squeezed-orange-juices",3
"2858","speculoos-cheesecakes",5
"2859","prepared-meats-with-less-salt",3
"2860","vegetarian-tofu-pâtés",NA
"2861","flavored-beers",NA
"2862","two-crust-pies",3
"2863","frozen-corn-kernels",1
"2864","ground-dried-sage",NA
"2865","teas-with-bergamot",NA
"2866","non-homogenized-milks",2
"2867","dried-bananas",3
"2868","dorset-drum",NA
"2869","chocolate-desserts",3
"2870","bolognese-lasagne",2
"2871","fresh-tarragon",NA
"2872","from-18-months",NA
"2873","panna-cottas",4
"2874","salted-almonds",4
"2875","gummy-crocodiles",4
"2876","pickled-garlic",3
"2877","mashed-pumpkins",1
"2878","chocolate-molds",5
"2879","sunflower-seeds-and-their-products",4
"2880","stuffed-peppers",3
"2881","turkey-rillettes",NA
"2882","pineapple-in-syrup",1
"2883","curry-sauces",4
"2884","pear-jams",3
"2885","black-teas",NA
"2886","balilla-x-sollana-rices",NA
"2887","shelled-raw-hazelnuts",3
"2888","legume-flours",1
"2889","bread-white-from-wheat-flour-of-the-highest-grade-gost-26987-86",NA
"2890","fennel-bulbs",NA
"2891","semi-ripe-olives",4
"2892","prepared-lasagne",2
"2893","chicken-nuggets",3
"2894","soy-desserts",2
"2895","orange-sorbets",3
"2896","coleslaw",3
"2897","nems",3
"2898","piemontese-salads",3
"2899","rutland-bitter",NA
"2900","pasteurized-butters",5
"2901","caramelized-hazelnuts",5
"2902","piel-de-sapo-melons",NA
"2903","potted-basil",2
"2904","squeezed-blueberry-juices",3
"2905","rices",1
"2906","rhubarb-jams",3
"2907","almond-paste",4
"2908","sunflower-seed-butters",4
"2909","croissants",5
"2910","rye-breads",2
"2911","fish-soups",2
"2912","canned-champignon-mushrooms",2
"2913","quark-with-30%-fat-in-dry-mass",NA
"2914","dried-oyster-mushrooms",2
"2915","cheese-spreads",4
"2916","tiramisu",4
"2917","tarragon",1
"2918","beef-from-vendée",NA
"2919","beef-from-chalosse",NA
"2920","semi-polished-einkorn-wheat-flours",NA
"2921","black-grams",1
"2922","pineapple-marmalades",NA
"2923","pollens",3
"2924","aromatic-rices",1
"2925","russet-apples",NA
"2926","mushroom-pies",4
"2927","tuna-chunks",2
"2928","fruit-juices",3
"2929","cocoa-butter",NA
"2930","legume-oils",4
"2931","kabuli-chickpeas",1
"2932","powdered-walnut-milks",NA
"2933","juices-and-nectars",3
"2934","white-wines",NA
"2935","hemp-oils",4
"2936","tuna-rillettes",3
"2937","isle-of-mull-cheddar",NA
"2938","fruits",2
"2939","moufflon-fresh-meat",NA
"2940","liver-terrines",4
"2941","cinnamon-powder",2
"2942","cookies-with-chocolate-and-coconut",5
"2943","pecorino",5
"2944","puffed-cereal-cakes",2
"2945","kölsch",NA
"2946","tangerine-juices",3
"2947","savory-mousses",5
"2948","nut-bars",4
"2949","nuts-and-their-products",3
"2950","organic-semi-skimmed-milks",2
"2951","walnut-kernels",3
"2952","brown-sugars",4
"2953","scotch-bonnet-mushrooms",NA
"2954","alexandrian-senna",NA
"2955","canned-porcini-mushrooms",3
"2956","berry-jams",3
"2957","dried-fig-cakes",4
"2958","lyophilized-green-peppercorns",NA
"2959","fresh-mint",NA
"2960","pigeon",NA
"2961","chestnut-syrups",5
"2962","sénia-rices",NA
"2963","coconut-oils",5
"2964","fish-oils",3
"2965","mackerels-fillets",3
"2966","black-nougat",5
"2967","newcastle-brown-ale",NA
"2968","spelt-brans",NA
"2969","canary-grass",NA
"2970","ground-white-peppers",NA
"2971","chickpeas",1
"2972","crowdie",NA
"2973","green-pestos",4
"2974","quince-jellies",4
"2975","gelatin",2
"2976","petits-suisses",2
"2977","guirlache-turrón",NA
"2978","mint-sauces",3
"2979","poultry-sandwiches",2
"2980","light-compotes",1
"2981","pineapple",1
"2982","baumkuchen",5
"2983","ground-dried-coriander-leaves",NA
"2984","rapeseed-oils",3
"2985","whole-common-wheat-flours",1
"2986","fruit-yogurts-with-fruit-chunks",2
"2987","guava-nectars",5
"2988","half-cooked-pressed-cheeses",4
"2989","millet-based-creams-for-cooking",2
"2990","spring-rolls",3
"2991","chicken-sausages",4
"2992","smoked-bacon",4
"2993","vanilla-sugars",4
"2994","crêpes",NA
"2995","mashed-cauliflower",1
"2996","green-peppers",4
"2997","natural-grated-tomato",1
"2998","good-nightrest-tea-blends",3
"2999","confectioneries",4
"3000","vegetables-menus-for-babies",NA
"3001","bourbon-whiskeys",NA
"3002","applesauces",1
"3003","massaman-curry-pastes",NA
"3004","black-chocolate-turrón-filled-with-fruit-praline",NA
"3005","vanilla-soy-milks",1
"3006","cream-of-leek-soups",2
"3007","natural-mineral-waters",1
"3008","corn-semolinas",1
"3009","red-delicious-apples",NA
"3010","salt-and-malt-vinegar-crisps",3
"3011","spice-mix",3
"3012","instant-pasta-with-chicken",2
"3013","insects",4
"3014","fruit-nectars",5
"3015","cheeses-from-scotland",NA
"3016","kakis",NA
"3017","potted-oregano",2
"3018","toasted-egg-yolk-turrón",NA
"3019","hare-rillettes",4
"3020","cheese-sandwiches",3
"3021","caramel-stuffed-wafers",5
"3022","concentrated-pineapple-juices",3
"3023","sicilian-sauces",3
"3024","brie-cheese-sandwiches",NA
"3025","agricultural-rum",NA
"3026","blue-veined-cheeses",5
"3027","bog-bilberries",NA
"3028","potted-parsley",NA
"3029","greek-yogurts",3
"3030","candy-meringues",4
"3031","grapefruits-in-syrup",NA
"3032","frozen-steaks",3
"3033","tabbouleh",3
"3034","red-cabbage",1
"3035","blueberry-applesauces",1
"3036","fermented-foods",3
"3037","orange-blossom",NA
"3038","tuna-samosas",NA
"3039","flours",2
"3040","bird-food",NA
"3041","wines-from-czech-republic",NA
"3042","strawberry-syrups",5
"3043","durum-wheat-farfalle-integral-or-semi-integral",NA
"3044","pizza-with-truffle",NA
"3045","rice-vinegars",2
"3046","walnut-oils",3
"3047","whole-cumin-seeds",NA
"3048","pumpkins",1
"3049","frozen-chopped-cardoons",NA
"3050","black-lentils",1
"3051","pineapple-yogurts",2
"3052","lemon-juice",2
"3053","fish-rillettes",3
"3054","skewers",3
"3055","potato-crisps-in-sunflower-oil",4
"3056","amber-maple-syrups",4
"3057","buckwheat-pasta",1
"3058","coriander-products",2
"3059","starters",3
"3060","white-nettle",NA
"3061","limeflower-tea",2
"3062","oilseed-purees",4
"3063","roasted-shelled-pumpkin-seeds",5
"3064","dark-chocolate-biscuits",5
"3065","leeks",1
"3066","seaweed-spread",4
"3067","swedish-cheeses",NA
"3068","cakes",4
"3069","honey-of-corsica",NA
"3070","tumacas",2
"3071","hazelnut-spreads",5
"3072","nespresso-compatible-coffee-capsules",NA
"3073","pomegranate-juices",4
"3074","chocolate-eggs",5
"3075","pumpkin-jams",4
"3076","frog-legs",2
"3077","milk-chocolate-with-almonds",5
"3078","rose-syrups",NA
"3079","falafel-mixes",NA
"3080","roasted-shelled-sunflower-seeds",3
"3081","tvorog",NA
"3082","sorbets",3
"3083","quail-fresh-meat",NA
"3084","turkeys",3
"3085","t110-spelt-flours",1
"3086","oat-pasta",NA
"3087","lemons",1
"3088","dark-chocolates-with-cocoa-nibs",5
"3089","flavors",3
"3090","sweet-ciders",NA
"3091","chia",2
"3092","feta",4
"3093","irish-moss-seaweed-powders",NA
"3094","whey-powder",NA
"3095","animal-fats",5
"3096","flavoured-chocolates",5
"3097","crisps",4
"3098","bavarian-beers",NA
"3099","pelee-island",NA
"3100","paella",2
"3101","fresh-lemon-verbena",NA
"3102","dark-maple-syrups",4
"3103","wines-from-spain",NA
"3104","tropezian-pies",4
"3105","spanish-alfajores",NA
"3106","creams",4
"3107","common-nettle",NA
"3108","mint-syrups",5
"3109","hams",3
"3110","fresh-broad-green-beans",NA
"3111","japonica-rices",2
"3112","vegetarian-pasta-salads",2
"3113","ice-cream-bars",4
"3114","pacific-herring",NA
"3115","redcurrants",NA
"3116","kefir-3.2-%",NA
"3117","raw-sunflower-seeds",3
"3118","frozen-mixed-peppers",1
"3119","chocolate-candies",5
"3120","beef-broth",3
"3121","common-beans",1
"3122","nori-seaweeds",3
"3123","olive-leaves",NA
"3124","strawberry-jams",3
"3125","potted-mint",NA
"3126","wild-boar-fresh-meat",NA
"3127","green-cardamom",NA
"3128","strawberry-applesauces",1
"3129","appetizers",4
"3130","canned-pacific-sauries",NA
"3131","chocolate-covered-cherries",5
"3132","mackerel-fillets-in-white-wine-and-herbs",2
"3133","shrimp-risottos",2
"3134","montbéliard-sausages",NA
"3135","wild-rice",2
"3136","limes",NA
"3137","chicken-rillettes",4
"3138","anchovy",4
"3139","frozen-sliced-champignon-mushrooms",1
"3140","green-olives-stuffed-of-anchovies",4
"3141","mussels",2
"3142","sterlet-caviar",NA
"3143","kiwi-yogurts",3
"3144","products-without-gluten",2
"3145","veal-quenelles",3
"3146","instant-beverages",4
"3147","ice-cream-sandwiches",4
"3148","melon-nectars",NA
"3149","peach-juices",4
"3150","bird-eggs",1
"3151","chicken-tajine",2
"3152","dried-hams",4
"3153","red-pine-mushrooms",NA
"3154","dried-apricots",2
"3155","beef-carpaccio",1
"3156","frozen-berries",1
"3157","lean-quark",1
"3158","sheep-milks",2
"3159","fruit-and-fruit-seed-oils",5
"3160","refrigerated-squeezed-multifruit-juices",3
"3161","dark-chocolate-with-caramel",5
"3162","pizza-sauces",3
"3163","scallop",2
"3164","chocolate-nougats",4
"3165","cow-milk-yogurt",2
"3166","whole-or-semi-integral-durum-wheat-spaghetti-spirals",NA
"3167","sauces-for-fishes",4
"3168","duck-gizzards",3
"3169","lobsters",2
"3170","brioches",4
"3171","durum-wheat-semolinas",1
"3172","pheasant-terrines",5
"3173","bahía-rices",NA
"3174","bagel-breads",2
"3175","northern-highbush-blueberries",NA
"3176","ravioli-with-vegetables",2
"3177","eggs",1
"3178","gluten-flours",NA
"3179","pulses",1
"3180","plain-quenelles",3
"3181","rye-flours-type-815",NA
"3182","canned-chickpeas",1
"3183","walnut-milks",2
"3184","whole-wheat-spaghetti",1
"3185","greek-cheeses",4
"3186","cookies",5
"3187","fruit-pastes",3
"3188","cream-of-carrot-soups",3
"3189","guineafowl-eggs",NA
"3190","vegetable-paste",NA
"3191","sardines-in-oil-and-lemon",3
"3192","t110-buckwheat-flour",NA
"3193","t150-buckwheat-flour",NA
"3194","hygrophorus-latitabundus",NA
"3195","tongue-of-beef-with-hot-sauce",3
"3196","soy-milk-yogurts",2
"3197","deer-fresh-meat",NA
"3198","frozen-broad-green-beans",1
"3199","wines-from-germany",NA
"3200","chocolate-covered-fruits",5
"3201","canned-green-pigeon-peas",1
"3202","gorgonzolas",4
"3203","durum-wheat-macaroni",1
"3204","light-butter",4
"3205","fish-menus-for-babies",NA
"3206","peeled-tomatoes",1
"3207","sweet-pies",4
"3208","almond-oils",4
"3209","artichoke-hearts",2
"3210","protein-shakes",2
"3211","thyme",2
"3212","rabbit-pâtés",NA
"3213","jew's-ear-mushrooms",NA
"3214","chocolate-advent-calendars",5
"3215","ground-cloves",NA
"3216","raisins-of-corinth",3
"3217","cracked-olives",3
"3218","gummy-strawberries",4
"3219","squeezed-grape-juices",5
"3220","summer-savory",NA
"3221","sauces",4
"3222","potatoes",1
"3223","pickled-beets",NA
"3224","powdered-macadamia-nut-milks",NA
"3225","papaya-jams",3
"3226","strawberry-yogurts",2
"3227","passion-fruit-sorbets",3
"3228","pork-meals",3
"3229","borage-seed-oils",NA
"3230","blonde-lentils",1
"3231","field-horsetail",NA
"3232","cereal-starches",3
"3233","meals",3
"3234","sheepmeat-meals",2
"3235","winter-savory",NA
"3236","salmon-rillettes",3
"3237","cayenne-peppers",NA
"3238","extra-fine-gherkins",2
"3239","fresh-mung-bean-sprouts",1
"3240","guinea-fowl-fresh-meat",NA
"3241","rye-flours-type-1150",1
"3242","instant-noodle-soups",4
"3243","albacore",3
"3244","savory",NA
"3245","lemon-tartlets",5
"3246","frozen-turnips",1
"3247","gluten-free-pasta",1
"3248","belgian-whisky",NA
"3249","salad-rocket",1
"3250","sweet-cream-butters",5
"3251","saccharin",NA
"3252","pasteurised-milks",2
"3253","raw-shelled-pumpkin-seeds",3
"3254","legume-pickles",3
"3255","salted-milk-chocolates",5
"3256","natural-sugar-substitutes",3
"3257","ice-pops",3
"3258","mixed-yogurts",2
"3259","vegetarian-olive-pâtés",NA
"3260","frozen-leeks",1
"3261","homogenized-milks",2
"3262","concentrated-blueberry-juices",NA
"3263","vegetable-pickles",2
"3264","maple-syrups-from-québec",NA
"3265","wheat-brans",1
"3266","al-d'jote-pies",NA
"3267","asparagus-soups",3
"3268","filled-crêpes",NA
"3269","gluten-free-breads",2
"3270","gozinaki",NA
"3271","beef-from-charolles",NA
"3272","vodka",NA
"3273","carob-spreads",4
"3274","blood-sausage-terrine",NA
"3275","capon",2
"3276","sunflower-halva",NA
"3277","spelts",1
"3278","wines",NA
"3279","peaches-in-syrup",1
"3280","abbey-beer",NA
"3281","christmas-foods-and-drinks",4
"3282","breaded-fish",2
"3283","ravioli-in-a-box",2
"3284","frozen-legumes",1
"3285","bayonne-ham",5
"3286","roselle",NA
"3287","mildly-soured-butters",5
"3288","cardoons",1
"3289","bigarade-orange-marmelades",4
"3290","pasta-dishes",3
"3291","belgian-endives",1
"3292","mackerels-fillets-with-olives-and-lemon",3
"3293","pink-ciders",NA
"3294","canary-melons",NA
"3295","rose-petal-jams",4
"3296","puff-pastry-meals",4
"3297","poultries-from-janzé",NA
"3298","frozen-plant-based-foods-mixes",1
"3299","baby-fruit-desserts",NA
"3300","salted-chocolates",5
"3301","frozen-mixed-berries",1
"3302","mixed-dried-seaweeds",3
"3303","horchatas-de-chufa",3
"3304","mutton-merguez",5
"3305","concentrated-apple-juices",3
"3306","blackthorns",NA
"3307","salad-dressings",4
"3308","dried-irish-moss-seaweeds",NA
"3309","canned-plant-based-foods",1
"3310","small-spelt-flour-t110",NA
"3311","chocolate-milks",2
"3312","whole-khorasan-wheat-flours",NA
"3313","dried-tomato-powder",NA
"3314","brined-cheeses",4
"3315","mat-beans",NA
"3316","ground-dried-fenugreek-leaves",NA
"3317","poultry-merguez",3
"3318","frozen-whole-broad-green-beans",NA
"3319","shropshire-blue",NA
"3320","roast-chicken",3
"3321","licensed-products",4
"3322","fried-onions",4
"3323","french-confectioneries",4
"3324","cat-tongue",5
"3325","belgian-beers",NA
"3326","plant-based-ice-cream-cones",4
"3327","vanillin-sugars",4
"3328","white-peppercorns",NA
"3329","evaporated-milks",4
"3330","carrots",1
"3331","whole-or-semi-integral-durum-wheat-spaghetti",NA
"3332","marshmallows",4
"3333","vegetable-samosas",3
"3334","pasta-sauces",3
"3335","xeres-vinegars",NA
"3336","mascarpone",4
"3337","frozen-ready-made-meals",2
"3338","curry-pastes",4
"3339","sofritos",3
"3340","canned-snails",2
"3341","lychee-jams",4
"3342","dark-chocolates",5
"3343","toulouse-sausages",4
"3344","poultry-broth",4
"3345","frozen-butter-beans",1
"3346","german-whiskeys",NA
"3347","powdered-cereal-milks",3
"3348","mushrooms",1
"3349","easter-chocolates",5
"3350","stevia-leaves",NA
"3351","old-rums",NA
"3352","cheeses-from-the-united-kingdom",4
"3353","chestnut-applesauces",2
"3354","potted-coriander",2
"3355","mashed-zucchini",2
"3356","barley-flakes",1
"3357","dried-tomatoes-in-oil",3
"3358","confectioneries-of-nord-pas-de-calais",4
"3359","strawberry-ice-cream-tubs",4
"3360","barn-eggs",2
"3361","tagliatelle",1
"3362","burgundy-wines",NA
"3363","wines-from-bulgaria",NA
"3364","malt-flours",NA
"3365","preparations-made-from-fish-meat",3
"3366","leaf-vegetables",1
"3367","unsmoked-rindless-back-bacon-rashers",NA
"3368","rochet-melons",NA
"3369","ground-gold-flax-seeds",NA
"3370","lemon-marmelades",4
"3371","extra-light-maple-syrups",4
"3372","uht-milks",2
"3373","whole-olives",4
"3374","soybean-flours",1
"3375","guerande-salts",3
"3376","condensed-milks",4
"3377","white-honeys",NA
"3378","decaffeinated-instant-coffees",NA
"3379","filled-dark-chocolates",5
"3380","rye-brans",NA
"3381","sugar-coated-almonds",4
"3382","white-rices",1
"3383","granny-smith-apples",NA
"3384","dried-wakame-seaweeds",3
"3385","offals",3
"3386","ham-sandwiches",3
"3387","chocolate-soy-milks",2
"3388","cellophane-noodles",2
"3389","pickled-onions",1
"3390","acid-gummy-lassos",NA
"3391","camargue-rices",1
"3392","pineapple-in-juice",1
"3393","dairy-drinks",2
"3394","dehydrated-vegetable-soups",2
"3395","llama-or-lama-fresh-meat",NA
"3396","wines-from-brazil",NA
"3397","kiwifruits",1
"3398","powdered-cappucino",4
"3399","lagers",2
"3400","beading-wines",NA
"3401","horse-fresh-meat",2
"3402","dietary-supplements",3
"3403","carnaroli-rices",2
"3404","sea-lettuce-seaweeds",3
"3405","dried-seaweeds",3
"3406","nougats-from-montélimar",NA
"3407","whole-wheat-noodles",1
"3408","blanched-shelled-raw-hazelnuts",NA
"3409","onions-and-their-products",3
"3410","batches-withdrawn-from-retail-stores-in-february-2013",2
"3411","yarrow",NA
"3412","sorbitol",NA
"3413","green-curry-pastes",4
"3414","raspberries",1
"3415","mantecados-y-polvorones-with-olive-oil",4
"3416","legumes",2
"3417","marrons-glacés",NA
"3418","celery",1
"3419","comté-cheese-sandwiches",NA
"3420","sausages",4
"3421","tassimo-compatible-coffee-capsules",NA
"3422","cream-of-pumpkin-soups",2
"3423","frozen-pies",4
"3424","millet-flakes",1
"3425","frozen-dill",1
"3426","uncooked-pressed-cheeses",4
"3427","frozen-chopped-onions",1
"3428","triticale",NA
"3429","vanilla-rice-milks",2
"3430","wheat-flakes",2
"3431","instant-noodles",4
"3432","fruits-of-aragon",4
"3433","quinoa-milks",2
"3434","lime-sorbets",3
"3435","cod-livers",4
"3436","tomate-jams",3
"3437","mixed-bell-peppers",1
"3438","green-chopped-olives",4
"3439","sushi-rice",2
"3440","black-chocolate-turrón-with-puffed-rice",NA
"3441","spelt-milks",2
"3442","whole-nutmeg",4
"3443","dishes-that-may-contain-horse-meat",2
"3444","craft-beers",NA
"3445","honey-and-royal-jelly-mixtures",4
"3446","bouillon-cubes",3
"3447","coconut-ice-cream-tubs",4
"3448","stout",NA
"3449","truffles",3
"3450","olive-oil-from-corsica",4
"3451","frozen-potatoes",1
"3452","panko",NA
"3453","chopped-olives",4
"3454","canned-salmons",2
"3455","white-vinegars",2
"3456","cassoulets",2
"3457","yakitori-chicken-skewers",3
"3458","light-lemon-soft-drinks",3
"3459","peach-yogurts",2
"3460","cold-soups",2
"3461","snails",4
"3462","frozen-rice-with-vegetables",2
"3463","tropical-fruits",2
"3464","puffed-oat-cakes",2
"3465","mushrooms-risottos",3
"3466","processed-cheese",3
"3467","wines-from-chile",NA
"3468","green-seedless-grapes",NA
"3469","plum-juices",NA
"3470","carrot-juices",2
"3471","multifruit-sorbets",3
"3472","koshihikari-rices",NA
"3473","mrps",3
"3474","orange-juices",3
"3475","artificially-sweetened-beverages",3
"3476","poultries-from-bresse",NA
